Year,Park,Sampler,Stream,Date,Rep,Fraction,Taxa,L1,L2,L3,L4,L5,L6,L7,L8,L9,L10,L11,L12,L13,L14,L15,L16,L17,L18,L19,L20,MeanLength(mm),IndBiomass(mg_ind),Subsample,Abundance ,Density,Biomass (mg/m2),Stage,Notes
2019,GRTE,Surber,AK Basin Icy Seep,30-Jul-19,2,Large,Cinygmula,4,4.5,,,,,,,,,,,,,,,,,,,4.3,,1,2,22,0,,
2019,GRTE,Surber,AK Basin Icy Seep,30-Jul-19,2,Large,Megarcys,17,,,,,,,,,,,,,,,,,,,,17,,1,1,11,0,,
2019,GRTE,Surber,AK Basin Icy Seep,30-Jul-19,2,Large,Non-Tanypodinae,7.5,,,,,,,,,,,,,,,,,,,,7.5,,1,1,11,0,,
2019,GRTE,Surber,AK Basin Icy Seep,30-Jul-19,2,Large,Oligochaeta,2,4,,,,,,,,,,,,,,,,,,,3,,1,2,22,0,,
2019,GRTE,Surber,AK Basin Icy Seep,30-Jul-19,2,Large,Rithrogena,8,8,,,,,,,,,,,,,,,,,,,8,,1,2,22,0,,
2019,GRTE,Surber,AK Basin Icy Seep,30-Jul-19,2,Large,Suwallia,3,2.5,,,,,,,,,,,,,,,,,,,2.8,,1,2,22,0,,
2019,GRTE,Surber,AK Basin Icy Seep,30-Jul-19,2,Large,Sweltsa,5.25,4.5,,,,,,,,,,,,,,,,,,,4.9,,1,2,22,0,,
2019,GRTE,Surber,AK Basin Icy Seep,30-Jul-19,2,Large,Tipula,25,,,,,,,,,,,,,,,,,,,,25,,1,1,11,0,,
2019,GRTE,Surber,AK Basin Icy Seep,30-Jul-19,2,Large,Zapada,4.5,5.5,,,,,,,,,,,,,,,,,,,5,,1,2,22,0,,
2019,GRTE,Surber,AK Basin South RG,30-Jul-19,2,Small,Acari,1.5,,,,,,,,,,,,,,,,,,,,1.5,,1,1,11,0,,
2019,GRTE,Surber,AK Basin South RG,30-Jul-19,1,Small,Acari,1,,,,,,,,,,,,,,,,,,,,1,,1,1,11,0,,
2019,GRTE,Surber,AK Basin South RG,30-Jul-19,1,Large,Acari,1,,,,,,,,,,,,,,,,,,,,1,,1,1,11,0,,
2019,GRTE,Surber,AK Basin South RG,30-Jul-19,3,Small,Baetis,2.5,3.3,,,,,,,,,,,,,,,,,,,2.9,,1,2,22,0,,
2019,GRTE,Surber,AK Basin South RG,30-Jul-19,1,Small,Baetis,3.25,2,2.25,2.5,2.5,,,,,,,,,,,,,,,,2.5,,1,7,75,0,,
2019,GRTE,Surber,AK Basin South RG,30-Jul-19,1,Large,Baetis,8,,,,,,,,,,,,,,,,,,,,8,,1,2,22,0,,
2019,GRTE,Surber,AK Basin South RG,30-Jul-19,2,Small,Chironomidae,5.25,,,,,,,,,,,,,,,,,,,,5.3,,1,1,11,0,pupae,
2019,GRTE,Surber,AK Basin South RG,30-Jul-19,1,Small,Chironomidae,5,,,,,,,,,,,,,,,,,,,,5,,1,1,11,0,pupae,
2019,GRTE,Surber,AK Basin South RG,30-Jul-19,1,Large,Chironomidae,5,,,,,,,,,,,,,,,,,,,,5,,1,1,11,0,pupae,
2019,GRTE,Surber,AK Basin South RG,30-Jul-19,3,Small,Cinygmula,3,3.25,4,4,,,,,,,,,,,,,,,,,3.6,,1,4,43,0,,
2019,GRTE,Surber,AK Basin South RG,30-Jul-19,2,Small,Cinygmula,4,4,4,3.5,3,,,,,,,,,,,,,,,,3.7,,1,5,54,0,,
2019,GRTE,Surber,AK Basin South RG,30-Jul-19,1,Small,Cinygmula,3.5,,,,,,,,,,,,,,,,,,,,3.5,,1,1,11,0,,
2019,GRTE,Surber,AK Basin South RG,30-Jul-19,3,Large,Cinygmula,3.75,4.5,,,,,,,,,,,,,,,,,,,4.1,,1,2,22,0,,
2019,GRTE,Surber,AK Basin South RG,30-Jul-19,1,Large,Cinygmula,4.5,4,,,,,,,,,,,,,,,,,,,4.3,,1,2,22,0,,
2019,GRTE,Surber,AK Basin South RG,30-Jul-19,2,Small,Clinocera,7.25,,,,,,,,,,,,,,,,,,,,7.3,,1,1,11,0,,
2019,GRTE,Surber,AK Basin South RG,30-Jul-19,1,Small,Clinocera,2.5,,,,,,,,,,,,,,,,,,,,2.5,,1,1,11,0,,
2019,GRTE,Surber,AK Basin South RG,30-Jul-19,1,Small,Drunella,3.5,3,3,,,,,,,,,,,,,,,,,,3.2,,1,3,32,0,,
2019,GRTE,Surber,AK Basin South RG,30-Jul-19,3,Small,Epeorus,2.5,2,2.5,3,3,2.75,3,2.5,3,,,,,,,,,,,,2.7,,1,9,97,0,,
2019,GRTE,Surber,AK Basin South RG,30-Jul-19,2,Small,Epeorus,2.25,3,2.5,2,1.75,,,,,,,,,,,,,,,,2.3,,1,5,54,0,,
2019,GRTE,Surber,AK Basin South RG,30-Jul-19,1,Small,Epeorus,3.25,2,2.25,2.5,2.5,,,,,,,,,,,,,,,,2.5,,1,5,54,0,,
2019,GRTE,Surber,AK Basin South RG,30-Jul-19,3,Large,Epeorus,2.75,2.75,3,2.25,,,,,,,,,,,,,,,,,2.7,,1,4,43,0,,
2019,GRTE,Surber,AK Basin South RG,30-Jul-19,1,Large,Epeorus,2,,,,,,,,,,,,,,,,,,,,2,,1,1,11,0,,
2019,GRTE,Surber,AK Basin South RG,30-Jul-19,1,Small,Helodon,3,,,,,,,,,,,,,,,,,,,,3,,1,1,11,0,,
2019,GRTE,Surber,AK Basin South RG,30-Jul-19,3,Small,Heterocloeon,3,,,,,,,,,,,,,,,,,,,,3,,1,1,11,0,,
2019,GRTE,Surber,AK Basin South RG,30-Jul-19,1,Small,Heterocloeon,2.25,3.5,,,,,,,,,,,,,,,,,,,2.9,,1,2,22,0,,
2019,GRTE,Surber,AK Basin South RG,30-Jul-19,3,Large,Lednia,4.25,,,,,,,,,,,,,,,,,,,,4.3,,1,1,11,0,,
2019,GRTE,Surber,AK Basin South RG,30-Jul-19,3,Large,Megarcys,15,,,,,,,,,,,,,,,,,,,,15,,1,1,11,0,,
2019,GRTE,Surber,AK Basin South RG,30-Jul-19,1,Large,Megarcys,21,19,20,22,20,19,17,18,17,,,,,,,,,,,,19.2,,1,9,97,0,,
2019,GRTE,Surber,AK Basin South RG,30-Jul-19,1,Large,Nematoda,5,4,9,3.5,,,,,,,,,,,,,,,,,5.4,,1,4,43,0,,
2019,GRTE,Surber,AK Basin South RG,30-Jul-19,3,Small,Non-Tanypodinae,3,2.5,2.5,2.25,2.25,1,2.5,2.75,6,2,2.5,2.5,2.25,3,2.25,1.25,2,1,2.25,1.75,2.4,,1,177,1905,0,,
2019,GRTE,Surber,AK Basin South RG,30-Jul-19,2,Small,Non-Tanypodinae,2,2,2,1.5,1,2,2.25,1.75,2.25,1.75,1.25,1,2,1.5,1.25,2.75,1.25,2,1.75,2,1.8,,1,128,1378,0,,
2019,GRTE,Surber,AK Basin South RG,30-Jul-19,1,Small,Non-Tanypodinae,2,2,1,5,1.5,2,1.5,2,3,4.25,2,4,4,4.25,1,2,2.25,2.75,5.5,2,2.7,,1,55,592,0,,
2019,GRTE,Surber,AK Basin South RG,30-Jul-19,3,Large,Non-Tanypodinae,9,7,1.75,3,2.5,1.5,1.5,2.25,2.25,5.5,4.25,7,1,2.25,,,,,,,3.6,,1,14,151,0,,
2019,GRTE,Surber,AK Basin South RG,30-Jul-19,1,Large,Non-Tanypodinae,9,9,2,5,2,7,4.5,1.5,7,3,9.5,2,1.75,2,2,2,2.25,2.5,2.25,8.5,4.2,,1,45,484,0,,
2019,GRTE,Surber,AK Basin South RG,30-Jul-19,3,Small,Oligochaeta,2,3,4,1.5,,,,,,,,,,,,,,,,,2.6,,1,4,43,0,,
2019,GRTE,Surber,AK Basin South RG,30-Jul-19,2,Small,Oligochaeta,2,2.75,2,5,3,5,6,6,4,5,,,,,,,,,,,4.1,,1,10,108,0,,
2019,GRTE,Surber,AK Basin South RG,30-Jul-19,1,Small,Oligochaeta,2,3,4,3,2,4,2,4,2,2,4.5,5.5,4,1.75,2,1,4,3,3,6,3.1,,1,24,258,0,,
2019,GRTE,Surber,AK Basin South RG,30-Jul-19,1,Large,Oligochaeta,4,4,6,4,6,4,6,6,7,5,5,4,5,5,,,,,,,5.1,,1,14,151,0,,
2019,GRTE,Surber,AK Basin South RG,30-Jul-19,2,Small,Ostracoda,1.5,1.5,1,1.25,,,,,,,,,,,,,,,,,1.3,,1,4,43,0,,
2019,GRTE,Surber,AK Basin South RG,30-Jul-19,1,Small,Ostracoda,1.5,,,,,,,,,,,,,,,,,,,,1.5,,1,1,11,0,,
2019,GRTE,Surber,AK Basin South RG,30-Jul-19,3,Small,Rithrogena,3,,,,,,,,,,,,,,,,,,,,3,,1,1,11,0,,
2019,GRTE,Surber,AK Basin South RG,30-Jul-19,3,Small,Suwallia,3,3,3,3,3,3,,,,,,,,,,,,,,,3,,1,6,65,0,,
2019,GRTE,Surber,AK Basin South RG,30-Jul-19,2,Small,Suwallia,2.75,3,2.5,3,3,3,3,,,,,,,,,,,,,,2.9,,1,7,75,0,,
2019,GRTE,Surber,AK Basin South RG,30-Jul-19,1,Small,Suwallia,2.5,3,3,3,3,3,3,3,3,3,3,3.25,,,,,,,,,3,,1,12,129,0,,
2019,GRTE,Surber,AK Basin South RG,30-Jul-19,3,Large,Suwallia,2.5,2.5,3,,,,,,,,,,,,,,,,,,2.7,,1,3,32,0,,
2019,GRTE,Surber,AK Basin South RG,30-Jul-19,1,Large,Suwallia,3.5,,,,,,,,,,,,,,,,,,,,3.5,,1,1,11,0,,
2019,GRTE,Surber,AK Basin South RG,30-Jul-19,3,Small,Sweltsa,2,,,,,,,,,,,,,,,,,,,,2,,1,1,11,0,,
2019,GRTE,Surber,AK Basin South RG,30-Jul-19,3,Large,Sweltsa,2,,,,,,,,,,,,,,,,,,,,2,,1,1,11,0,,
2019,GRTE,Surber,AK Basin South RG,30-Jul-19,1,Large,Tipula,30,,,,,,,,,,,,,,,,,,,,30,,1,1,11,0,,
2019,GRTE,Surber,AK Basin South RG,30-Jul-19,3,Small,Zapada,1.5,2.5,2,4,1.5,2.5,3.5,3.5,2,1.75,2.25,,,,,,,,,,2.5,,1,11,118,0,,
2019,GRTE,Surber,AK Basin South RG,30-Jul-19,2,Small,Zapada,3,,,,,,,,,,,,,,,,,,,,3,,1,1,11,0,,
2019,GRTE,Surber,AK Basin South RG,30-Jul-19,1,Small,Zapada,3,4,2.5,3,5,4.5,3,,,,,,,,,,,,,,3.6,,1,7,75,0,,
2019,GRTE,Surber,AK Basin South RG,30-Jul-19,3,Large,Zapada,2,2.5,3.25,4,1.75,4,3.5,3.5,2.5,,,,,,,,,,,,3,,1,9,97,0,,
2019,GRTE,Surber,Cloudveil Dome,1-Aug-19,3,Small,Baetis,5,,,,,,,,,,,,,,,,,,,,5,,1,1,11,0,,
2019,GRTE,Surber,Cloudveil Dome,1-Aug-19,3,Small,Chironomidae,3.25,,,,,,,,,,,,,,,,,,,,3.3,,1,1,11,0,pupae,
2019,GRTE,Surber,Cloudveil Dome,1-Aug-19,2,Large,Lednia,4,4,,,,,,,,,,,,,,,,,,,4,,1,2,22,0,,
2019,GRTE,Surber,Cloudveil Dome,1-Aug-19,3,Small,Lednia,4.25,4,4.5,4,3.5,4,,,,,,,,,,,,,,,4,,1,6,65,0,,
2019,GRTE,Surber,Cloudveil Dome,1-Aug-19,3,Large,Lednia,3.5,4.25,,,,,,,,,,,,,,,,,,,3.9,,1,2,22,0,,
2019,GRTE,Surber,Cloudveil Dome,1-Aug-19,1,Small,Non-Tanypodinae,4.5,4.25,2.75,4.5,5.75,2,1.5,5,1.75,2,2,3,,,,,,,,,3.3,,1,12,129,0,,
2019,GRTE,Surber,Cloudveil Dome,1-Aug-19,1,Large,Non-Tanypodinae,4,6,,,,,,,,,,,,,,,,,,,5,,1,2,22,0,,
2019,GRTE,Surber,Cloudveil Dome,1-Aug-19,2,Small,Non-Tanypodinae,3,3.5,5,4,5,6,3,,,,,,,,,,,,,,4.2,,1,7,75,0,,
2019,GRTE,Surber,Cloudveil Dome,1-Aug-19,2,Large,Non-Tanypodinae,3.75,3.5,2.25,4,3.5,2,3.5,2,3.5,3.25,2.5,3,4,2.75,4,4,4,2.5,2.25,4,3.2,,1,73,786,0,,
2019,GRTE,Surber,Cloudveil Dome,1-Aug-19,3,Small,Non-Tanypodinae,4.5,3,3.5,3,5.25,3,3.5,3,3,3.25,1.75,3.75,3,1.5,2,4,5,2,2.25,2,3.1,,1,39,420,0,,
2019,GRTE,Surber,Cloudveil Dome,1-Aug-19,3,Large,Non-Tanypodinae,3,3.5,6,5,6,3,3.25,4.5,4.75,4.75,4.75,4,4,4.5,3,,,,,,4.3,,1,15,161,0,,
2019,GRTE,Surber,Cloudveil Dome,1-Aug-19,3,Small,Oligochaeta,3.5,0.25,,,,,,,,,,,,,,,,,,,1.9,,1,1,11,0,,
2019,GRTE,Surber,Delta Lake Inlet Stream,28-Jul-19,3,Small,Agathon,3,,,,,,,,,,,,,,,,,,,,3,,1,1,11,0,,
2019,GRTE,Surber,Delta Lake Inlet Stream,28-Jul-19,1,Small,Baetis,4,3.5,3.25,,,,,,,,,,,,,,,,,,3.6,,1,4,43,0,,
2019,GRTE,Surber,Delta Lake Inlet Stream,28-Jul-19,3,Small,Chironomidae,3,,,,,,,,,,,,,,,,,,,,3,,1,1,11,0,pupae,
2019,GRTE,Surber,Delta Lake Inlet Stream,28-Jul-19,2,Small,Chironomidae,2.5,,,,,,,,,,,,,,,,,,,,2.5,,1,1,11,0,pupae,
2019,GRTE,Surber,Delta Lake Inlet Stream,28-Jul-19,2,Small,Chironomidae,4,4,,,,,,,,,,,,,,,,,,,4,,1,2,22,0,adult,
2019,GRTE,Surber,Delta Lake Inlet Stream,28-Jul-19,1,Small,Chironomidae,4.5,2,2,4,3.25,4,4,2,2.25,,,,,,,,,,,,3.1,,1,10,108,0,pupae,
2019,GRTE,Surber,Delta Lake Inlet Stream,28-Jul-19,1,Small,Chironomidae,3,,,,,,,,,,,,,,,,,,,,3,,1,1,11,0,adult,
2019,GRTE,Surber,Delta Lake Inlet Stream,28-Jul-19,3,Large,Chironomidae,5,4,4.5,,,,,,,,,,,,,,,,,,4.5,,1,4,43,0,pupae,
2019,GRTE,Surber,Delta Lake Inlet Stream,28-Jul-19,2,Large,Chironomidae,7,,,,,,,,,,,,,,,,,,,,7,,1,1,11,0,adult,
2019,GRTE,Surber,Delta Lake Inlet Stream,28-Jul-19,2,Large,Chironomidae,6,,,,,,,,,,,,,,,,,,,,6,,1,1,11,0,pupae,
2019,GRTE,Surber,Delta Lake Inlet Stream,28-Jul-19,1,Large,Chironomidae,5,,,,,,,,,,,,,,,,,,,,5,,1,1,11,0,pupae,
2019,GRTE,Surber,Delta Lake Inlet Stream,28-Jul-19,1,Large,Chironomidae,3.25,,,,,,,,,,,,,,,,,,,,3.3,,1,1,11,0,adult,
2019,GRTE,Surber,Delta Lake Inlet Stream,28-Jul-19,3,Small,Helodon,3.25,3.5,3,3.25,,,,,,,,,,,,,,,,,3.3,,1,4,43,0,,
2019,GRTE,Surber,Delta Lake Inlet Stream,28-Jul-19,2,Small,Helodon,3,,,,,,,,,,,,,,,,,,,,3,,1,1,11,0,,
2019,GRTE,Surber,Delta Lake Inlet Stream,28-Jul-19,3,Small,Hirudinea,3.5,,,,,,,,,,,,,,,,,,,,3.5,,1,1,11,0,,
2019,GRTE,Surber,Delta Lake Inlet Stream,28-Jul-19,3,Small,Lednia,4.5,,,,,,,,,,,,,,,,,,,,4.5,,1,1,11,0,,
2019,GRTE,Surber,Delta Lake Inlet Stream,28-Jul-19,2,Large,Lednia,5.5,,,,,,,,,,,,,,,,,,,,5.5,,1,1,11,0,about to emerge,
2019,GRTE,Surber,Delta Lake Inlet Stream,28-Jul-19,1,Large,Limonia,5,,,,,,,,,,,,,,,,,,,,5,,1,1,11,0,,
2019,GRTE,Surber,Delta Lake Inlet Stream,28-Jul-19,1,Small,Megarcys,6.5,,,,,,,,,,,,,,,,,,,,6.5,,1,1,11,0,,
2019,GRTE,Surber,Delta Lake Inlet Stream,28-Jul-19,3,Large,Megarcys,5,,,,,,,,,,,,,,,,,,,,5,,1,1,11,0,,
2019,GRTE,Surber,Delta Lake Inlet Stream,28-Jul-19,2,Large,Megarcys,8,,,,,,,,,,,,,,,,,,,,8,,1,1,11,0,,
2019,GRTE,Surber,Delta Lake Inlet Stream,28-Jul-19,3,Small,Non-Tanypodinae,4,2.25,3,2.25,2,4,5.25,3.5,2.25,5.5,2.5,3.25,2.5,2,2.75,3,3,2.5,2.25,3,3,,1,430,4629,0,,
2019,GRTE,Surber,Delta Lake Inlet Stream,28-Jul-19,2,Small,Non-Tanypodinae,5,2.5,6.5,4,2.5,3.25,5.5,4.5,3,3.5,4.25,3.75,4,3,5.5,3.5,4,5.5,3,4.5,4.1,,1,189,2034,0,,
2019,GRTE,Surber,Delta Lake Inlet Stream,28-Jul-19,1,Small,Non-Tanypodinae,4,4,2.5,4,7,3,2.5,3.5,4.25,4,3,4,2.5,4.5,3,3.25,3,4,3.25,3,3.6,,1,168,1808,0,,
2019,GRTE,Surber,Delta Lake Inlet Stream,28-Jul-19,3,Large,Non-Tanypodinae,10,5.5,5.25,3.25,5.25,4,2.5,8,4.5,2,6,6.25,4.5,6.5,6,6.5,6,4.5,2.25,5,5.2,,1,109,1173,0,,
2019,GRTE,Surber,Delta Lake Inlet Stream,28-Jul-19,2,Large,Non-Tanypodinae,6.5,6,6.5,3,7,4,5,6,4,5,2.25,6.5,6,6.5,7,6,6.25,7,6.5,6,5.7,,1,53,571,0,,
2019,GRTE,Surber,Delta Lake Inlet Stream,28-Jul-19,1,Large,Non-Tanypodinae,5,8,6,7,4.25,5,6,8,5.5,3.5,7,4.5,5.5,3,5.5,6.5,4.5,5.5,8,6.5,5.7,,1,98,1055,0,,
2019,GRTE,Surber,Delta Lake Inlet Stream,28-Jul-19,3,Small,Oligochaeta,1.25,3.5,2.25,3,2.25,2,2,,,,,,,,,,,,,,2.3,,1,7,75,0,,
2019,GRTE,Surber,Delta Lake Inlet Stream,28-Jul-19,3,Large,Oligochaeta,12,,,,,,,,,,,,,,,,,,,,12,,1,1,11,0,,
2019,GRTE,Surber,Delta Lake Inlet Stream,28-Jul-19,1,Large,Prosimuliium,5.5,,,,,,,,,,,,,,,,,,,,5.5,,1,1,11,0,,
2019,GRTE,Surber,Delta Lake Inlet Stream,28-Jul-19,3,Large,Rhyacophila brunnea group vemna group,8,,,,,,,,,,,,,,,,,,,,8,,1,1,11,0,,
2019,GRTE,Surber,Delta Lake Inlet Stream,28-Jul-19,3,Small,Staphylinidae,1.5,,,,,,,,,,,,,,,,,,,,1.5,,1,1,11,0,adult,
2019,GRTE,Surber,Delta Lake Inlet Stream,28-Jul-19,3,Small,Tanypodinae,6.25,,,,,,,,,,,,,,,,,,,,6.3,,1,1,11,0,,
2019,GRTE,Surber,Delta Lake Inlet Stream,28-Jul-19,3,Large,Tanypodinae,5.5,5,5.25,7,,,,,,,,,,,,,,,,,5.7,,1,4,43,0,,
2019,GRTE,Surber,Delta Lake Inlet Stream,28-Jul-19,1,Large,Tanypodinae,4,4,7,,,,,,,,,,,,,,,,,,5,,1,3,32,0,,
2019,GRTE,Surber,Delta Lake Inlet Stream,28-Jul-19,3,Small,Zapada,3,3.25,3.25,4,3.75,2.25,3,,,,,,,,,,,,,,3.2,,1,7,75,0,,
2019,GRTE,Surber,Delta Lake Inlet Stream,28-Jul-19,2,Small,Zapada,4,,,,,,,,,,,,,,,,,,,,4,,1,1,11,0,,
2019,GRTE,Surber,Delta Lake Inlet Stream,28-Jul-19,1,Small,Zapada,4.5,,,,,,,,,,,,,,,,,,,,4.5,,1,1,11,0,,
2019,GRTE,Surber,Delta Lake Inlet Stream,28-Jul-19,3,Large,Zapada,5.25,4,4.75,5,4,4.75,,,,,,,,,,,,,,,4.6,,1,6,65,0,,
2019,GRTE,Surber,Delta Lake Inlet Stream,28-Jul-19,2,Large,Zapada,3,,,,,,,,,,,,,,,,,,,,3,,1,1,11,0,,
2019,GRTE,Surber,Grizzly Stream,30-Jul-19,3,Small,Allomyia,2.5,,,,,,,,,,,,,,,,,,,,2.5,,1,1,11,0,,
2019,GRTE,Surber,Grizzly Stream,30-Jul-19,3,Small,Chironomidae,2,,,,,,,,,,,,,,,,,,,,2,,1,1,11,0,adult,
2019,GRTE,Surber,Grizzly Stream,30-Jul-19,1,Small,Chironomidae,7.5,,,,,,,,,,,,,,,,,,,,7.5,,1,1,11,0,adult,
2019,GRTE,Surber,Grizzly Stream,30-Jul-19,1,Small,Chironomidae,4.25,5,,,,,,,,,,,,,,,,,,,4.6,,1,2,22,0,pupae,
2019,GRTE,Surber,Grizzly Stream,30-Jul-19,3,Large,Chironomidae,4.5,,,,,,,,,,,,,,,,,,,,4.5,,1,1,11,0,pupae,
2019,GRTE,Surber,Grizzly Stream,30-Jul-19,3,Large,Clinocera,6,,,,,,,,,,,,,,,,,,,,6,,1,1,11,0,,
2019,GRTE,Surber,Grizzly Stream,30-Jul-19,1,Large,Clinocera,5,,,,,,,,,,,,,,,,,,,,5,,1,1,11,0,,
2019,GRTE,Surber,Grizzly Stream,30-Jul-19,3,Small,Dicranota,4,,,,,,,,,,,,,,,,,,,,4,,1,1,11,0,,
2019,GRTE,Surber,Grizzly Stream,30-Jul-19,2,Small,Dicranota,6,,,,,,,,,,,,,,,,,,,,6,,1,1,11,0,,
2019,GRTE,Surber,Grizzly Stream,30-Jul-19,1,Small,Dicranota,8,,,,,,,,,,,,,,,,,,,,8,,1,1,11,0,,
2019,GRTE,Surber,Grizzly Stream,30-Jul-19,3,Small,Helodon,3,2.5,2.25,2.25,2.5,2.25,3,3.25,2.5,2.5,3,2.5,3,3.5,1.5,3,3,3,3,1.75,2.7,,1,641,6900,0,,
2019,GRTE,Surber,Grizzly Stream,30-Jul-19,2,Small,Helodon,3,2.75,2,2.75,2,3,4,3,2.5,3.25,2.5,2,2,2.5,3,3.25,2.25,2.5,3.25,2.25,2.7,,1,29,312,0,,
2019,GRTE,Surber,Grizzly Stream,30-Jul-19,1,Small,Helodon,3.25,2.75,2.5,3,1.5,3.25,3,3,3.25,3.25,3,2.75,2.5,2.5,2.5,,,,,,2.8,,1,15,161,0,,
2019,GRTE,Surber,Grizzly Stream,30-Jul-19,3,Large,Helodon,2.75,2.5,3.5,3,2.5,3.25,3.5,3.25,3,4,3,3,,,,,,,,,3.1,,1,12,129,0,,
2019,GRTE,Surber,Grizzly Stream,30-Jul-19,1,Large,Helodon,5,3,4,5,,,,,,,,,,,,,,,,,4.3,,1,4,43,0,,
2019,GRTE,Surber,Grizzly Stream,30-Jul-19,2,Small,Homphylax,3.25,,,,,,,,,,,,,,,,,,,,3.3,,1,1,11,0,,
2019,GRTE,Surber,Grizzly Stream,30-Jul-19,1,Small,Homphylax,4,,,,,,,,,,,,,,,,,,,,4,,1,1,11,0,,
2019,GRTE,Surber,Grizzly Stream,30-Jul-19,2,Large,Homphylax,11,,,,,,,,,,,,,,,,,,,,11,,1,1,11,0,,
2019,GRTE,Surber,Grizzly Stream,30-Jul-19,3,Small,Non-Tanypodinae,4,5,1.5,2,2,2.5,2.25,3.5,2.5,3.5,3.5,6,5.5,5,4,2.5,2.5,4,2.5,3,3.4,,1,90,969,0,,
2019,GRTE,Surber,Grizzly Stream,30-Jul-19,2,Small,Non-Tanypodinae,1.5,5,1.5,2.25,3.25,3.25,3.5,2.75,2.75,2.25,2,2,2,5,2.25,1.25,2,3.5,2.5,3,2.7,,1,26,280,0,,
2019,GRTE,Surber,Grizzly Stream,30-Jul-19,1,Small,Non-Tanypodinae,2.75,6,5.5,3.5,3.75,2,1.75,5,2,2.75,2.5,4,2.5,,,,,,,,3.4,,1,13,140,0,,
2019,GRTE,Surber,Grizzly Stream,30-Jul-19,3,Large,Non-Tanypodinae,6,3,5,2.25,2,2.5,2,6,,,,,,,,,,,,,3.6,,1,8,86,0,,
2019,GRTE,Surber,Grizzly Stream,30-Jul-19,2,Large,Non-Tanypodinae,5,2.25,,,,,,,,,,,,,,,,,,,3.6,,1,2,22,0,,
2019,GRTE,Surber,Grizzly Stream,30-Jul-19,1,Large,Non-Tanypodinae,5,8,5.5,2.5,2,6,7,,,,,,,,,,,,,,5.1,,1,8,86,0,,
2019,GRTE,Surber,Grizzly Stream,30-Jul-19,3,Small,Oligochaeta,4,6,6,3,,,,,,,,,,,,,,,,,4.8,,1,4,43,0,,
2019,GRTE,Surber,Grizzly Stream,30-Jul-19,2,Small,Oligochaeta,3.5,2.5,3,3,5,5,3.5,4,,,,,,,,,,,,,3.7,,1,8,86,0,,
2019,GRTE,Surber,Grizzly Stream,30-Jul-19,1,Small,Oligochaeta,3.25,4,5.25,5.5,,,,,,,,,,,,,,,,,4.5,,1,4,43,0,,
2019,GRTE,Surber,Grizzly Stream,30-Jul-19,3,Small,Prosimuliium,4,4,4,4.25,3.75,4,4,5,4,4.25,4,5,4.25,4,4,4.25,4,4,4,4,4.1,,1,72,775,0,,
2019,GRTE,Surber,Grizzly Stream,30-Jul-19,2,Small,Prosimuliium,4,4,2.5,3.5,,,,,,,,,,,,,,,,,3.5,,1,4,43,0,,
2019,GRTE,Surber,Grizzly Stream,30-Jul-19,1,Small,Prosimuliium,4,4,3.5,,,,,,,,,,,,,,,,,,3.8,,1,3,32,0,,
2019,GRTE,Surber,Grizzly Stream,30-Jul-19,3,Large,Prosimuliium,4,3.25,4,4,4,4,4,4.5,4,5.25,3.5,4.5,4,5,,,,,,,4.1,,1,14,151,0,,
2019,GRTE,Surber,Grizzly Stream,30-Jul-19,1,Large,Prosimuliium,4,,,,,,,,,,,,,,,,,,,,4,,1,1,11,0,,
2019,GRTE,Surber,Grizzly Stream,30-Jul-19,2,Small,Simuliidae (unknown),3.25,2,3,,,,,,,,,,,,,,,,,,2.8,,1,3,32,0,,
2019,GRTE,Surber,Grizzly Stream,30-Jul-19,1,Small,Simuliidae (unknown),3.75,2.5,4,3,3,2,3,,,,,,,,,,,,,,3,,1,7,75,0,,
2019,GRTE,Surber,Grizzly Stream,30-Jul-19,3,Large,Simuliidae (unknown),3,3.25,,,,,,,,,,,,,,,,,,,3.1,,1,2,22,0,,
2019,GRTE,Surber,Grizzly Stream,30-Jul-19,1,Large,Simuliidae (unknown),3,4,3,,,,,,,,,,,,,,,,,,3.3,,1,3,32,0,,
2019,GRTE,Surber,Grizzly Stream,30-Jul-19,3,Small,Trichoptera Homphylax or Allomyia,3,,,,,,,,,,,,,,,,,,,,3,,1,1,11,0,,
2019,GRTE,Surber,Middle Teton,1-Aug-19,3,Small,Chironomidae,3,2,,,,,,,,,,,,,,,,,,,2.5,,1,2,22,0,adult,
2019,GRTE,Surber,Middle Teton,1-Aug-19,1,Small,Chironomidae,2.25,2.25,3,,,,,,,,,,,,,,,,,,2.5,,1,3,32,0,adult,
2019,GRTE,Surber,Middle Teton,1-Aug-19,2,Large,Chironomidae,4,,,,,,,,,,,,,,,,,,,,4,,1,1,11,0,adult,
2019,GRTE,Surber,Middle Teton,1-Aug-19,1,Large,Chironomidae,,,,,,,,,,,,,,,,,,,,,#DIV/0!,,1,2,22,0,adult,
2019,GRTE,Surber,Middle Teton,1-Aug-19,2,Small,Clinocera,3.5,,,,,,,,,,,,,,,,,,,,3.5,,1,1,11,0,,
2019,GRTE,Surber,Middle Teton,1-Aug-19,1,Small,Collembola,2,,,,,,,,,,,,,,,,,,,,2,,1,1,11,0,,
2019,GRTE,Surber,Middle Teton,1-Aug-19,3,Small,Non-Tanypodinae,5,2,2.5,3,2.5,2.5,4,2.5,4,2.5,5,6,2.5,2.5,4,2.5,3.25,2,1.25,2,3.1,,1,146,1572,0,,
2019,GRTE,Surber,Middle Teton,1-Aug-19,2,Small,Non-Tanypodinae,3,4,4.5,3,3,2,2,6,2.5,3,3.5,3,3.5,4.5,5,4.5,2,2.25,4.5,3.5,3.5,,1,207,2228,0,,
2019,GRTE,Surber,Middle Teton,1-Aug-19,1,Small,Non-Tanypodinae,3,3,2.5,4.5,1.5,2,3,3.5,3,5,5,1.5,2.5,2,3.5,3,2,2.5,3,3,3,,1,306,3294,0,,
2019,GRTE,Surber,Middle Teton,1-Aug-19,3,Large,Non-Tanypodinae,6,7,4.5,6.25,4.5,3.5,5,4.5,5,4,4,3,4.5,6,6,4.5,6,3.5,6,4,4.9,,1,23,248,0,,
2019,GRTE,Surber,Middle Teton,1-Aug-19,2,Large,Non-Tanypodinae,7,5,6,3,1.5,2,7,5.5,6,3.5,5.5,2,3.5,5,2,6,5,2.5,3.5,6,4.4,,1,35,377,0,,
2019,GRTE,Surber,Middle Teton,1-Aug-19,1,Large,Non-Tanypodinae,4.517241379,,,,,,,,,,,,,,,,,,,,4.5,,1,63,678,0,,
2019,GRTE,Surber,Middle Teton,1-Aug-19,2,Small,Oligochaeta,2,4.5,3,2,,,,,,,,,,,,,,,,,2.9,,1,5,54,0,,
2019,GRTE,Surber,Middle Teton,1-Aug-19,1,Small,Oligochaeta,,,,,,,,,,,,,,,,,,,,,#DIV/0!,,1,1,11,0,,
2019,GRTE,Surber,Middle Teton,1-Aug-19,2,Small,Stenelmis,2.5,,,,,,,,,,,,,,,,,,,,2.5,,1,1,11,0,,
2019,GRTE,Surber,Middle Teton,1-Aug-19,2,Small,Twinnia,3.5,,,,,,,,,,,,,,,,,,,,3.5,,1,1,11,0,,
2019,GRTE,Surber,NF Teton Ck,2-Aug-19,1,Small,Allomyia,3.5,,,,,,,,,,,,,,,,,,,,3.5,,1,1,11,0,,
2019,GRTE,Surber,NF Teton Ck,2-Aug-19,2,Small,Chironomidae,5,,,,,,,,,,,,,,,,,,,,5,,1,1,11,0,pupae,
2019,GRTE,Surber,NF Teton Ck,2-Aug-19,2,Small,Chironomidae,2,2,,,,,,,,,,,,,,,,,,,2,,1,2,22,0,adult,
2019,GRTE,Surber,NF Teton Ck,2-Aug-19,1,Small,Chironomidae,,,,,,,,,,,,,,,,,,,,,#DIV/0!,,1,1,11,0,adult,
2019,GRTE,Surber,NF Teton Ck,2-Aug-19,1,Small,Chironomidae,5,,,,,,,,,,,,,,,,,,,,5,,1,1,11,0,pupae,
2019,GRTE,Surber,NF Teton Ck,2-Aug-19,2,Large,Chironomidae,5,,,,,,,,,,,,,,,,,,,,5,,1,1,11,0,pupae,
2019,GRTE,Surber,NF Teton Ck,2-Aug-19,3,Small,Dicranota,7,,,,,,,,,,,,,,,,,,,,7,,1,1,11,0,,
2019,GRTE,Surber,NF Teton Ck,2-Aug-19,1,Small,Dicranota,5.5,,,,,,,,,,,,,,,,,,,,5.5,,1,1,11,0,,
2019,GRTE,Surber,NF Teton Ck,2-Aug-19,3,Large,Dicranota,7.75,,,,,,,,,,,,,,,,,,,,7.8,,1,1,11,0,,
2019,GRTE,Surber,NF Teton Ck,2-Aug-19,2,Large,Dicranota,5,,,,,,,,,,,,,,,,,,,,5,,1,1,11,0,,
2019,GRTE,Surber,NF Teton Ck,2-Aug-19,1,Large,Dicranota,5,6,,,,,,,,,,,,,,,,,,,5.5,,1,2,22,0,,
2019,GRTE,Surber,NF Teton Ck,2-Aug-19,3,Small,Helodon,2.25,2.25,3,3,3,3,3,3,3.5,3,3,3,3.5,3.5,3.5,3,3.5,2.75,,,3,,1,18,194,0,,
2019,GRTE,Surber,NF Teton Ck,2-Aug-19,2,Small,Helodon,3,3,,,,,,,,,,,,,,,,,,,3,,1,2,22,0,,
2019,GRTE,Surber,NF Teton Ck,2-Aug-19,1,Small,Helodon,2.5,2.5,2.25,3,3,2.5,3,3.25,3.5,,,,,,,,,,,,2.8,,1,9,97,0,,
2019,GRTE,Surber,NF Teton Ck,2-Aug-19,1,Large,Helodon,3.5,,,,,,,,,,,,,,,,,,,,3.5,,1,1,11,0,,
2019,GRTE,Surber,NF Teton Ck,2-Aug-19,2,Small,Homphylax,3,,,,,,,,,,,,,,,,,,,,3,,1,1,11,0,,
2019,GRTE,Surber,NF Teton Ck,2-Aug-19,1,Small,Homphylax,4,,,,,,,,,,,,,,,,,,,,4,,1,1,11,0,,
2019,GRTE,Surber,NF Teton Ck,2-Aug-19,2,Large,Homphylax,15,,,,,,,,,,,,,,,,,,,,15,,1,1,11,0,,
2019,GRTE,Surber,NF Teton Ck,2-Aug-19,1,Small,Molophilus,,,,,,,,,,,,,,,,,,,,,#DIV/0!,,1,1,11,0,,
2019,GRTE,Surber,NF Teton Ck,2-Aug-19,1,Large,Molophilus,9,,,,,,,,,,,,,,,,,,,,9,,1,1,11,0,,
2019,GRTE,Surber,NF Teton Ck,2-Aug-19,3,Small,Non-Tanypodinae,3.5,4,4,3.5,3.5,6,,,,,,,,,,,,,,,4.1,,1,6,65,0,,
2019,GRTE,Surber,NF Teton Ck,2-Aug-19,2,Small,Non-Tanypodinae,3,1.5,1.5,1.25,3,3.75,2.25,4,3.5,3,2,5,3,3.25,3.5,1.25,,,,,2.8,,1,16,172,0,,
2019,GRTE,Surber,NF Teton Ck,2-Aug-19,1,Small,Non-Tanypodinae,5,3.5,3.75,4,4,5,5.25,3.25,5,2,4,2.25,,,,,,,,,3.9,,1,13,140,0,,
2019,GRTE,Surber,NF Teton Ck,2-Aug-19,2,Large,Non-Tanypodinae,5,3.5,7,3,4,4.5,,,,,,,,,,,,,,,4.5,,1,6,65,0,,
2019,GRTE,Surber,NF Teton Ck,2-Aug-19,1,Large,Non-Tanypodinae,7.25,5.5,6,5,9,6.5,7,,,,,,,,,,,,,,6.6,,1,7,75,0,,
2019,GRTE,Surber,NF Teton Ck,2-Aug-19,2,Small,Oligochaeta,3,,,,,,,,,,,,,,,,,,,,3,,1,1,11,0,,
2019,GRTE,Surber,NF Teton Ck,2-Aug-19,3,Small,Prosimuliium,4,5,3.75,4.5,5,4,4,4,4,4.25,,,,,,,,,,,4.3,,1,10,108,0,,
2019,GRTE,Surber,NF Teton Ck,2-Aug-19,2,Small,Prosimuliium,4,,,,,,,,,,,,,,,,,,,,4,,1,1,11,0,,
2019,GRTE,Surber,NF Teton Ck,2-Aug-19,1,Small,Prosimuliium,5,4.5,4,4.5,,,,,,,,,,,,,,,,,4.5,,1,4,43,0,,
2019,GRTE,Surber,NF Teton Ck,2-Aug-19,3,Large,Prosimuliium,4.25,4,4.25,,,,,,,,,,,,,,,,,,4.2,,1,3,32,0,,
2019,GRTE,Surber,NF Teton Ck,2-Aug-19,2,Large,Prosimuliium,4,,,,,,,,,,,,,,,,,,,,4,,1,1,11,0,,
2019,GRTE,Surber,NF Teton Ck,2-Aug-19,1,Large,Prosimuliium,4,4,5.25,4.75,4,,,,,,,,,,,,,,,,4.4,,1,5,54,0,,
2019,GRTE,Surber,NF Teton Ck,2-Aug-19,1,Large,Rhyacophila,5,,,,,,,,,,,,,,,,,,,,5,,1,1,11,0,,
2019,GRTE,Surber,NF Teton Ck,2-Aug-19,2,Small,Rhyacophila alberta group,4,,,,,,,,,,,,,,,,,,,,4,,1,1,11,0,,
2019,GRTE,Surber,NF Teton Ck,2-Aug-19,2,Small,Staphylinidae,1.25,,,,,,,,,,,,,,,,,,,,1.3,,1,1,11,0,adult,
2019,GRTE,Surber,NF Teton Ck,2-Aug-19,1,Small,Suwallia,4,3.5,3.5,,,,,,,,,,,,,,,,,,3.7,,1,3,32,0,,
2019,GRTE,Surber,NF Teton Ck,2-Aug-19,3,Large,Suwallia,3.5,,,,,,,,,,,,,,,,,,,,3.5,,1,1,11,0,,
2019,GRTE,Surber,NF Teton Ck,2-Aug-19,2,Large,Suwallia,4.25,,,,,,,,,,,,,,,,,,,,4.3,,1,1,11,0,,
2019,GRTE,Surber,NF Teton Ck,2-Aug-19,1,Large,Suwallia,3.75,4,4,4.25,3.5,4.25,,,,,,,,,,,,,,,4,,1,6,65,0,,
2019,GRTE,Surber,Paintbrush RG,31-Jul-19,3,Small,Helodon,3.5,3,2,3,3,2,,,,,,,,,,,,,,,2.8,,1,6,65,0,,
2019,GRTE,Surber,Paintbrush RG,31-Jul-19,1,Small,Helodon,3.25,3,3,3,,,,,,,,,,,,,,,,,3.1,,1,4,43,0,,
2019,GRTE,Surber,Paintbrush RG,31-Jul-19,3,Small,Homphylax,4,3.5,,,,,,,,,,,,,,,,,,,3.8,,1,3,32,0,,
2019,GRTE,Surber,Paintbrush RG,31-Jul-19,3,Large,Homphylax,4.25,4,,,,,,,,,,,,,,,,,,,4.1,,1,2,22,0,,
2019,GRTE,Surber,Paintbrush RG,31-Jul-19,3,Small,Non-Tanypodinae,2,3.5,2,2,2,1,1,3.5,1.5,,,,,,,,,,,,2.1,,1,9,97,0,,
2019,GRTE,Surber,Paintbrush RG,31-Jul-19,2,Small,Non-Tanypodinae,2.5,1.5,2.75,1.5,3.25,2.25,3.75,2,2.25,2,4.25,3,2,1.75,2,1.5,2.5,2,1.75,1.5,2.3,,1,159,1712,0,,
2019,GRTE,Surber,Paintbrush RG,31-Jul-19,1,Small,Non-Tanypodinae,2.75,2,2,2.75,1.5,1.25,1.75,2,2,1.25,1.75,2,2,1.25,2.5,4,2.5,2.75,2,1.25,2.1,,1,59,635,0,,
2019,GRTE,Surber,Paintbrush RG,31-Jul-19,3,Large,Non-Tanypodinae,1,1.5,1.5,1.75,1,2,1.25,4.25,2,1,1,2,1.5,1,2.25,1.5,1.75,1.75,2,2.5,1.7,,1,26,280,0,,
2019,GRTE,Surber,Paintbrush RG,31-Jul-19,2,Large,Non-Tanypodinae,1.25,1.75,3,2,1.5,2,1,2,1.25,6,1.5,1.5,2.25,1.25,2,1,2,1.5,2,3,2,,1,45,484,0,,
2019,GRTE,Surber,Paintbrush RG,31-Jul-19,1,Large,Non-Tanypodinae,2,1,2.75,1.5,1,,,,,,,,,,,,,,,,1.7,,1,5,54,0,,
2019,GRTE,Surber,Paintbrush RG,31-Jul-19,3,Small,Oligochaeta,4,2.5,6,2,3,,,,,,,,,,,,,,,,3.5,,1,5,54,0,,
2019,GRTE,Surber,Paintbrush RG,31-Jul-19,2,Small,Oligochaeta,6,2.5,1.5,4.25,3,,,,,,,,,,,,,,,,3.5,,1,5,54,0,,
2019,GRTE,Surber,Paintbrush RG,31-Jul-19,1,Small,Oligochaeta,3,1.75,3,2.5,3.25,2.5,4,3.5,4,3.25,3.5,3,3.5,1.5,,,,,,,3,,1,14,151,0,,
2019,GRTE,Surber,Paintbrush RG,31-Jul-19,3,Large,Oligochaeta,7,,,,,,,,,,,,,,,,,,,,7,,1,1,11,0,,
2019,GRTE,Surber,Paintbrush RG,31-Jul-19,2,Large,Oligochaeta,4,6,3,4,6,,,,,,,,,,,,,,,,4.6,,1,5,54,0,,
2019,GRTE,Surber,Paintbrush RG,31-Jul-19,1,Large,Oligochaeta,7,6,5.5,8,4,3,6,3.5,5,3.5,,,,,,,,,,,5.2,,1,10,108,0,,
2019,GRTE,Surber,Paintbrush RG,31-Jul-19,3,Small,Prosimuliium,5,5,4,4.5,4,4.5,4.5,5,4,4,4,4,5,,,,,,,,4.4,,1,13,140,0,,
2019,GRTE,Surber,Paintbrush RG,31-Jul-19,1,Small,Prosimuliium,4,4,4,,,,,,,,,,,,,,,,,,4,,1,3,32,0,,
2019,GRTE,Surber,Paintbrush RG,31-Jul-19,3,Large,Prosimuliium,4,4.5,4,4,5.75,4,4,3.5,4,3.5,4.5,3,,,,,,,,,4.1,,1,12,129,0,,
2019,GRTE,Surber,Paintbrush RG,31-Jul-19,1,Large,Prosimuliium,6,6.5,,,,,,,,,,,,,,,,,,,6.3,,1,2,22,0,,
2019,GRTE,Surber,Paintbrush RG,31-Jul-19,1,Small,Staphylinidae,6,,,,,,,,,,,,,,,,,,,,6,,1,1,11,0,larvae,
2019,GRTE,Surber,Skillet Glacier Stream,2-Aug-19,3,Small,Allomyia,2,2,,,,,,,,,,,,,,,,,,,2,,1,2,22,0,,
2019,GRTE,Surber,Skillet Glacier Stream,2-Aug-19,2,Small,Allomyia,3,4,,,,,,,,,,,,,,,,,,,3.5,,1,2,22,0,,
2019,GRTE,Surber,Skillet Glacier Stream,2-Aug-19,1,Small,Allomyia,4,4,4,2,4,,,,,,,,,,,,,,,,3.6,,1,5,54,0,,
2019,GRTE,Surber,Skillet Glacier Stream,2-Aug-19,1,Large,Allomyia,2.5,2.5,2,,,,,,,,,,,,,,,,,,2.3,,1,3,32,0,,
2019,GRTE,Surber,Skillet Glacier Stream,2-Aug-19,3,Small,Chironomidae,2,3.5,2,,,,,,,,,,,,,,,,,,2.5,,1,3,32,0,adult,
2019,GRTE,Surber,Skillet Glacier Stream,2-Aug-19,3,Small,Chironomidae,4,4,,,,,,,,,,,,,,,,,,,4,,1,2,22,0,pupae,
2019,GRTE,Surber,Skillet Glacier Stream,2-Aug-19,2,Small,Chironomidae,2,,,,,,,,,,,,,,,,,,,,2,,1,1,11,0,adult,
2019,GRTE,Surber,Skillet Glacier Stream,2-Aug-19,1,Small,Chironomidae,3,,,,,,,,,,,,,,,,,,,,3,,1,1,11,0,adult,
2019,GRTE,Surber,Skillet Glacier Stream,2-Aug-19,3,Small,Clinocera,5,,,,,,,,,,,,,,,,,,,,5,,1,1,11,0,,
2019,GRTE,Surber,Skillet Glacier Stream,2-Aug-19,3,Large,Clinocera,8.5,,,,,,,,,,,,,,,,,,,,8.5,,1,1,11,0,,
2019,GRTE,Surber,Skillet Glacier Stream,2-Aug-19,3,Small,Dicranota,5.5,,,,,,,,,,,,,,,,,,,,5.5,,1,1,11,0,,
2019,GRTE,Surber,Skillet Glacier Stream,2-Aug-19,2,Small,Dicranota,,,,,,,,,,,,,,,,,,,,,#DIV/0!,,1,1,11,0,,
2019,GRTE,Surber,Skillet Glacier Stream,2-Aug-19,2,Large,Dicranota,5,,,,,,,,,,,,,,,,,,,,5,,1,1,11,0,,
2019,GRTE,Surber,Skillet Glacier Stream,2-Aug-19,3,Small,Gonomyodes,4.25,6,3.5,5,,,,,,,,,,,,,,,,,4.7,,1,4,43,0,,
2019,GRTE,Surber,Skillet Glacier Stream,2-Aug-19,2,Small,Gonomyodes,4,,,,,,,,,,,,,,,,,,,,4,,1,1,11,0,,
2019,GRTE,Surber,Skillet Glacier Stream,2-Aug-19,1,Large,Gonomyodes,4.5,,,,,,,,,,,,,,,,,,,,4.5,,1,1,11,0,,
2019,GRTE,Surber,Skillet Glacier Stream,2-Aug-19,3,Small,Helodon,3,,,,,,,,,,,,,,,,,,,,3,,1,1,11,0,,
2019,GRTE,Surber,Skillet Glacier Stream,2-Aug-19,2,Small,Helodon,3,,,,,,,,,,,,,,,,,,,,3,,1,1,11,0,,
2019,GRTE,Surber,Skillet Glacier Stream,2-Aug-19,1,Small,Helodon,3,,,,,,,,,,,,,,,,,,,,3,,1,1,11,0,,
2019,GRTE,Surber,Skillet Glacier Stream,2-Aug-19,1,Large,Helodon,3,,,,,,,,,,,,,,,,,,,,3,,1,1,11,0,,
2019,GRTE,Surber,Skillet Glacier Stream,2-Aug-19,3,Small,Lednia,4.5,,,,,,,,,,,,,,,,,,,,4.5,,1,1,11,0,,
2019,GRTE,Surber,Skillet Glacier Stream,2-Aug-19,3,Large,Lednia,6,,,,,,,,,,,,,,,,,,,,6,,1,1,11,0,,
2019,GRTE,Surber,Skillet Glacier Stream,2-Aug-19,3,Small,Non-Tanypodinae,5,3,4,3,4.5,4,3.5,5,3.5,4.5,3,4,2.5,5,4,4,3,3,3.5,3,3.8,,1,110,1184,0,,
2019,GRTE,Surber,Skillet Glacier Stream,2-Aug-19,2,Small,Non-Tanypodinae,5,3,3.5,4,4,5,3.25,5,3.25,3.5,5.5,4,2.75,3.5,4,5,3.25,3,5,6,4.1,,1,37,398,0,,
2019,GRTE,Surber,Skillet Glacier Stream,2-Aug-19,1,Small,Non-Tanypodinae,6,5,6.5,3,6,3,3,4,5,5,5,4,4.5,3,4,5.5,5,,,,4.6,,1,17,183,0,,
2019,GRTE,Surber,Skillet Glacier Stream,2-Aug-19,3,Large,Non-Tanypodinae,5.5,4.5,5,5,6.5,5,4,5,2,3,5,5,4,3,3,4,5,3,4,5,4.3,,1,28,301,0,,
2019,GRTE,Surber,Skillet Glacier Stream,2-Aug-19,2,Large,Non-Tanypodinae,6,5.25,5,5,6,4,5,4,5,6,5,4.25,4.25,5,4,5,5,3,6,6,4.9,,1,21,226,0,,
2019,GRTE,Surber,Skillet Glacier Stream,2-Aug-19,1,Large,Non-Tanypodinae,3,3,5,3,4,2,3,4,5,3,3.5,5.75,3.5,3.5,3.5,4.5,4.5,5,4.5,4,3.9,,1,40,431,0,,
2019,GRTE,Surber,Skillet Glacier Stream,2-Aug-19,3,Small,Prosimuliium,4,4,,,,,,,,,,,,,,,,,,,4,,1,2,22,0,,
2019,GRTE,Surber,Skillet Glacier Stream,2-Aug-19,1,Large,Prosimuliium,3.5,3.5,,,,,,,,,,,,,,,,,,,3.5,,1,2,22,0,,
2019,GRTE,Surber,Skillet Glacier Stream,2-Aug-19,1,Small,Rhyacophila arnaudi,9,6.5,11,,,,,,,,,,,,,,,,,,8.8,,1,3,32,0,,
2019,GRTE,Surber,Skillet Glacier Stream,2-Aug-19,2,Small,Rhyacophila blarina,3.5,,,,,,,,,,,,,,,,,,,,3.5,,1,1,11,0,,
2019,GRTE,Surber,Skillet Glacier Stream,2-Aug-19,2,Large,Rhyacophila hyalinata group,10,,,,,,,,,,,,,,,,,,,,10,,1,1,11,0,,
2019,GRTE,Surber,Skillet Glacier Stream,2-Aug-19,3,Small,Rhyacophila vatina complex,3.5,,,,,,,,,,,,,,,,,,,,3.5,,1,1,11,0,,
2019,GRTE,Surber,Skillet Glacier Stream,2-Aug-19,1,Large,Rhyacophila verrula,5,,,,,,,,,,,,,,,,,,,,5,,1,1,11,0,,
2019,GRTE,Surber,Skillet Glacier Stream,2-Aug-19,1,Small,Rhyacophila verrula group,11,3,,,,,,,,,,,,,,,,,,,7,,1,2,22,0,,
2019,GRTE,Surber,Skillet Glacier Stream,2-Aug-19,3,Large,Rhyacophila vobara subgroup,8,,,,,,,,,,,,,,,,,,,,8,,1,1,11,0,,
2019,GRTE,Surber,Skillet Glacier Stream,2-Aug-19,2,Large,Rhyacophila vofixa group,8.25,,,,,,,,,,,,,,,,,,,,8.3,,1,1,11,0,,
2019,GRTE,Surber,Skillet Glacier Stream,2-Aug-19,3,Small,Staphylinidae,1.25,,,,,,,,,,,,,,,,,,,,1.3,,1,1,11,0,pupae,
2019,GRTE,Surber,Skillet Glacier Stream,2-Aug-19,3,Small,Sweltsa,1.25,,,,,,,,,,,,,,,,,,,,1.3,,1,1,11,0,,
2019,GRTE,Surber,South Cascade RG,31-Jul-19,1,Large,Chironomidae,3.5,,,,,,,,,,,,,,,,,,,,3.5,,1,1,11,0,adult,
2019,GRTE,Surber,South Cascade RG,31-Jul-19,3,Large,Molophilus,7,,,,,,,,,,,,,,,,,,,,7,,1,1,11,0,,
2019,GRTE,Surber,South Cascade RG,31-Jul-19,3,Small,Non-Tanypodinae,4,2,3.5,4,4.25,4,4,4,4,3.5,2.5,3.5,3,2.5,3.5,3.75,4,2.5,3.5,2.25,3.4,,1,27,291,0,,
2019,GRTE,Surber,South Cascade RG,31-Jul-19,2,Small,Non-Tanypodinae,2,4.5,3.5,3.25,5.25,5.5,4.5,2,3.5,3.5,4,6,4,3.25,4,3,3.5,5,5,4.5,4,,1,22,237,0,,
2019,GRTE,Surber,South Cascade RG,31-Jul-19,1,Small,Non-Tanypodinae,3.75,4.5,5,5.5,4,4.25,5.5,3.5,3,6,2,4,4,7,5.5,4,6,5.5,6.5,3.5,4.7,,1,33,355,0,,
2019,GRTE,Surber,South Cascade RG,31-Jul-19,3,Large,Non-Tanypodinae,5,5,7,7,3,,,,,,,,,,,,,,,,5.4,,1,5,54,0,,
2019,GRTE,Surber,South Cascade RG,31-Jul-19,2,Large,Non-Tanypodinae,6,7,6,6,5.5,,,,,,,,,,,,,,,,6.1,,1,5,54,0,,
2019,GRTE,Surber,South Cascade RG,31-Jul-19,1,Large,Non-Tanypodinae,6,6,6,6,6.5,6,4.25,6,6.5,6.5,6,6,6,6.5,7.5,7,5,6,7,4,6,,1,21,226,0,,
2019,GRTE,Surber,SF Teton Creek,31-Jul-19,3,Small,Allomyia,4.25,,,,,,,,,,,,,,,,,,,,4.3,,1,1,11,0,,
2019,GRTE,Surber,SF Teton Creek,31-Jul-19,2,Small,Allomyia,5,,,,,,,,,,,,,,,,,,,,5,,1,1,11,0,,
2019,GRTE,Surber,SF Teton Creek,31-Jul-19,2,Large,Allomyia,5,,,,,,,,,,,,,,,,,,,,5,,1,1,11,0,,
2019,GRTE,Surber,SF Teton Creek,31-Jul-19,1,Large,Allomyia,5.5,,,,,,,,,,,,,,,,,,,,5.5,,1,1,11,0,,
2019,GRTE,Surber,SF Teton Creek,31-Jul-19,3,Small,Baetis,3,2,2,,,,,,,,,,,,,,,,,,2.3,,1,3,32,0,,
2019,GRTE,Surber,SF Teton Creek,31-Jul-19,2,Small,Baetis,2,2.5,,,,,,,,,,,,,,,,,,,2.3,,1,2,22,0,,
2019,GRTE,Surber,SF Teton Creek,31-Jul-19,1,Small,Baetis,1.5,1.75,,,,,,,,,,,,,,,,,,,1.6,,1,2,22,0,,
2019,GRTE,Surber,SF Teton Creek,31-Jul-19,3,Small,Chironomidae,3,4,4,4,4.5,3,2.5,,,,,,,,,,,,,,3.6,,1,7,75,0,pupae,
2019,GRTE,Surber,SF Teton Creek,31-Jul-19,3,Small,Chironomidae,2,2,4,2,,,,,,,,,,,,,,,,,2.5,,1,4,43,0,adult,
2019,GRTE,Surber,SF Teton Creek,31-Jul-19,2,Small,Chironomidae,3,4,3.5,,,,,,,,,,,,,,,,,,3.5,,1,3,32,0,larvae,
2019,GRTE,Surber,SF Teton Creek,31-Jul-19,2,Small,Chironomidae,2,,,,,,,,,,,,,,,,,,,,2,,1,1,11,0,adult,
2019,GRTE,Surber,SF Teton Creek,31-Jul-19,1,Small,Chironomidae,3,,,,,,,,,,,,,,,,,,,,3,,1,1,11,0,pupae,
2019,GRTE,Surber,SF Teton Creek,31-Jul-19,3,Large,Chironomidae,4,4,4,4.25,8,6,5,7,6,10,5,6,6,,,,,,,,5.8,,1,13,140,0,pupae,
2019,GRTE,Surber,SF Teton Creek,31-Jul-19,2,Large,Chironomidae,3,,,,,,,,,,,,,,,,,,,,3,,1,1,11,0,adult,
2019,GRTE,Surber,SF Teton Creek,31-Jul-19,2,Large,Chironomidae,4,4.25,,,,,,,,,,,,,,,,,,,4.1,,1,2,22,0,pupae,
2019,GRTE,Surber,SF Teton Creek,31-Jul-19,3,Small,Cinygmula,1.75,3,2,2,,,,,,,,,,,,,,,,,2.2,,1,4,43,0,,
2019,GRTE,Surber,SF Teton Creek,31-Jul-19,2,Small,Cinygmula,5,2,2,4,5,2,1.5,4,,,,,,,,,,,,,3.2,,1,9,97,0,,
2019,GRTE,Surber,SF Teton Creek,31-Jul-19,1,Small,Cinygmula,3.25,5,3,1.5,4,3,3.5,3,4,2.25,4,4,2,2.5,3.5,2.5,2.75,2,2.5,2,3,,1,20,215,0,,
2019,GRTE,Surber,SF Teton Creek,31-Jul-19,3,Large,Cinygmula,5,,,,,,,,,,,,,,,,,,,,5,,1,1,11,0,,
2019,GRTE,Surber,SF Teton Creek,31-Jul-19,3,Small,Culicoides,3.75,,,,,,,,,,,,,,,,,,,,3.8,,1,1,11,0,,
2019,GRTE,Surber,SF Teton Creek,31-Jul-19,3,Small,Dicranota,6,,,,,,,,,,,,,,,,,,,,6,,1,1,11,0,,
2019,GRTE,Surber,SF Teton Creek,31-Jul-19,2,Small,Dicranota,6,,,,,,,,,,,,,,,,,,,,6,,1,1,11,0,,
2019,GRTE,Surber,SF Teton Creek,31-Jul-19,2,Large,Dicranota,7,7,5.5,9,5.5,,,,,,,,,,,,,,,,6.8,,1,5,54,0,,
2019,GRTE,Surber,SF Teton Creek,31-Jul-19,3,Small,Epeorus,3,3,3,4,3,3,2.25,,,,,,,,,,,,,,3,,1,7,75,0,,
2019,GRTE,Surber,SF Teton Creek,31-Jul-19,2,Small,Epeorus,3,4,3.5,3,2.75,,,,,,,,,,,,,,,,3.3,,1,5,54,0,,
2019,GRTE,Surber,SF Teton Creek,31-Jul-19,1,Small,Epeorus,2.75,3,3.5,3,3,4,4,3,4,3.25,,,,,,,,,,,3.4,,1,10,108,0,,
2019,GRTE,Surber,SF Teton Creek,31-Jul-19,2,Large,Epeorus,3.5,3.5,4,4.25,3,3.25,4,4,,,,,,,,,,,,,3.7,,1,8,86,0,,
2019,GRTE,Surber,SF Teton Creek,31-Jul-19,3,Small,Helodon,3,3,2.5,3.25,2,2.5,2.5,,,,,,,,,,,,,,2.7,,1,7,75,0,,
2019,GRTE,Surber,SF Teton Creek,31-Jul-19,1,Small,Helodon,3,2.5,,,,,,,,,,,,,,,,,,,2.8,,1,2,22,0,,
2019,GRTE,Surber,SF Teton Creek,31-Jul-19,3,Small,Heterocloeon,2,,,,,,,,,,,,,,,,,,,,2,,1,1,11,0,,
2019,GRTE,Surber,SF Teton Creek,31-Jul-19,2,Small,Heterocloeon,2.25,,,,,,,,,,,,,,,,,,,,2.3,,1,1,11,0,,
2019,GRTE,Surber,SF Teton Creek,31-Jul-19,1,Small,Heterocloeon,3,3,2.5,3,3,,,,,,,,,,,,,,,,2.9,,1,5,54,0,,
2019,GRTE,Surber,SF Teton Creek,31-Jul-19,2,Large,Heterocloeon,2.5,2.5,,,,,,,,,,,,,,,,,,,2.5,,1,2,22,0,,
2019,GRTE,Surber,SF Teton Creek,31-Jul-19,2,Large,Homphylax,8,2,,,,,,,,,,,,,,,,,,,5,,1,2,22,0,,
2019,GRTE,Surber,SF Teton Creek,31-Jul-19,3,Large,Megarcys,18,21,,,,,,,,,,,,,,,,,,,19.5,,1,2,22,0,,
2019,GRTE,Surber,SF Teton Creek,31-Jul-19,2,Large,Megarcys,15,15,19,19,23,22,,,,,,,,,,,,,,,18.8,,1,6,65,0,,
2019,GRTE,Surber,SF Teton Creek,31-Jul-19,1,Large,Megarcys,24,,,,,,,,,,,,,,,,,,,,24,,1,1,11,0,,
2019,GRTE,Surber,SF Teton Creek,31-Jul-19,2,Large,Molophilus,6,,,,,,,,,,,,,,,,,,,,6,,1,1,11,0,,
2019,GRTE,Surber,SF Teton Creek,31-Jul-19,3,Large,Molophilus did not fit well with key,15,,,,,,,,,,,,,,,,,,,,15,,1,1,11,0,,
2019,GRTE,Surber,SF Teton Creek,31-Jul-19,3,Small,Non-Tanypodinae,3.5,3.25,2,3,6,6,3,3,3,3,3,6,4,3,5,3,2,4,2,2,3.5,,1,66,710,0,,
2019,GRTE,Surber,SF Teton Creek,31-Jul-19,2,Small,Non-Tanypodinae,2.25,3.5,2,1,2.5,4,3,5,4.5,3,2,3.25,4,2.25,3,4,1,2,2,4,2.9,,1,56,603,0,,
2019,GRTE,Surber,SF Teton Creek,31-Jul-19,1,Small,Non-Tanypodinae,4.25,2.5,5,4.5,4,2,3.5,1.5,6,2,3.5,4,2,2,3,,,,,,3.3,,1,15,161,0,,
2019,GRTE,Surber,SF Teton Creek,31-Jul-19,3,Large,Non-Tanypodinae,6,8,7,,,,,,,,,,,,,,,,,,7,,1,3,32,0,,
2019,GRTE,Surber,SF Teton Creek,31-Jul-19,2,Large,Non-Tanypodinae,5,5.5,6,6.25,4,6.25,3,4,4.5,6,5,5,2,,,,,,,,4.8,,1,13,140,0,,
2019,GRTE,Surber,SF Teton Creek,31-Jul-19,1,Large,Non-Tanypodinae,8.25,5.5,,,,,,,,,,,,,,,,,,,6.9,,1,2,22,0,,
2019,GRTE,Surber,SF Teton Creek,31-Jul-19,2,Small,Oligochaeta,3,4.5,,,,,,,,,,,,,,,,,,,3.8,,1,2,22,0,,
2019,GRTE,Surber,SF Teton Creek,31-Jul-19,3,Small,Probezzia,5,5,5,4.5,5,5.5,8.25,6.75,,,,,,,,,,,,,5.6,,1,8,86,0,,
2019,GRTE,Surber,SF Teton Creek,31-Jul-19,3,Small,Prosimuliium,4.25,,,,,,,,,,,,,,,,,,,,4.3,,1,1,11,0,,
2019,GRTE,Surber,SF Teton Creek,31-Jul-19,1,Small,Prosimuliium,3.75,3.75,4,,,,,,,,,,,,,,,,,,3.8,,1,3,32,0,,
2019,GRTE,Surber,SF Teton Creek,31-Jul-19,3,Large,Prosimuliium,4,,,,,,,,,,,,,,,,,,,,4,,1,1,11,0,,
2019,GRTE,Surber,SF Teton Creek,31-Jul-19,2,Large,Prosimuliium,4,,,,,,,,,,,,,,,,,,,,4,,1,1,11,0,,
2019,GRTE,Surber,SF Teton Creek,31-Jul-19,1,Large,Prosimuliium,4,,,,,,,,,,,,,,,,,,,,4,,1,1,11,0,,
2019,GRTE,Surber,SF Teton Creek,31-Jul-19,3,Small,Rhyacophila verrula group,2,,,,,,,,,,,,,,,,,,,,2,,1,1,11,0,,
2019,GRTE,Surber,SF Teton Creek,31-Jul-19,2,Small,Rhyacophila verrula group,2,,,,,,,,,,,,,,,,,,,,2,,1,1,11,0,,
2019,GRTE,Surber,SF Teton Creek,31-Jul-19,3,Large,Rhyacophila vofixa subgroup vobara subgroup,9,,,,,,,,,,,,,,,,,,,,9,,1,1,11,0,,
2019,GRTE,Surber,SF Teton Creek,31-Jul-19,1,Large,Rhyacophila vofixa subgroup vobara subgroup,9,9,,,,,,,,,,,,,,,,,,,9,,1,2,22,0,,
2019,GRTE,Surber,SF Teton Creek,31-Jul-19,2,Large,Rithrogena,5,5.5,2.25,4,,,,,,,,,,,,,,,,,4.2,,1,4,43,0,,
2019,GRTE,Surber,SF Teton Creek,31-Jul-19,1,Large,Rithrogena,9.5,,,,,,,,,,,,,,,,,,,,9.5,,1,1,11,0,,
2019,GRTE,Surber,SF Teton Creek,31-Jul-19,2,Small,Staphylinidae,2,,,,,,,,,,,,,,,,,,,,2,,1,1,11,0,adult,
2019,GRTE,Surber,SF Teton Creek,31-Jul-19,3,Small,Suwallia,3,3.5,2,1.5,,,,,,,,,,,,,,,,,2.5,,1,4,43,0,,
2019,GRTE,Surber,SF Teton Creek,31-Jul-19,2,Small,Suwallia,4,3,4,2,,,,,,,,,,,,,,,,,3.3,,1,4,43,0,,
2019,GRTE,Surber,SF Teton Creek,31-Jul-19,1,Small,Suwallia,3,3.25,,,,,,,,,,,,,,,,,,,3.1,,1,2,22,0,,
2019,GRTE,Surber,SF Teton Creek,31-Jul-19,3,Large,Suwallia,4.25,,,,,,,,,,,,,,,,,,,,4.3,,1,1,11,0,,
2019,GRTE,Surber,SF Teton Creek,31-Jul-19,3,Small,Sweltsa,4.25,2.25,3,2,4,3,1.5,1.25,,,,,,,,,,,,,2.7,,1,8,86,0,,
2019,GRTE,Surber,SF Teton Creek,31-Jul-19,2,Small,Sweltsa,6,2.5,3,6,1.75,2,2,2,,,,,,,,,,,,,3.2,,1,8,86,0,,
2019,GRTE,Surber,SF Teton Creek,31-Jul-19,1,Small,Sweltsa,2.75,2.25,3.75,6,4,2.5,3.5,2.75,2,,,,,,,,,,,,3.3,,1,9,97,0,,
2019,GRTE,Surber,SF Teton Creek,31-Jul-19,3,Large,Sweltsa,4.5,8.5,9,11,,,,,,,,,,,,,,,,,8.3,,1,4,43,0,,
2019,GRTE,Surber,SF Teton Creek,31-Jul-19,2,Large,Sweltsa,10,5.5,5,5,10,5.25,6,3,,,,,,,,,,,,,6.2,,1,8,86,0,,
2019,GRTE,Surber,SF Teton Creek,31-Jul-19,1,Large,Sweltsa,6.25,4.5,6,5,,,,,,,,,,,,,,,,,5.4,,1,4,43,0,,
2019,GRTE,Surber,SF Teton Creek,31-Jul-19,3,Large,Tipula,16,,,,,,,,,,,,,,,,,,,,16,,1,1,11,0,,
2019,GRTE,Surber,SF Teton Creek,31-Jul-19,2,Large,Tipula,23,27,25,,,,,,,,,,,,,,,,,,25,,1,3,32,0,,
2019,GRTE,Surber,SF Teton Creek,31-Jul-19,1,Large,Tipula,22,,,,,,,,,,,,,,,,,,,,22,,1,1,11,0,,
2019,GRTE,Surber,SF Teton Creek,31-Jul-19,3,Small,Zapada,2,1.5,1.5,2,1.5,2,2.25,1.5,2.5,2,1.5,1.5,1.5,2,1.5,,,,,,1.8,,1,15,161,0,,
2019,GRTE,Surber,SF Teton Creek,31-Jul-19,2,Small,Zapada,2,1.75,2,1.75,2.25,2,2,2.25,1.75,,,,,,,,,,,,2,,1,9,97,0,,
2019,GRTE,Surber,SF Teton Creek,31-Jul-19,1,Small,Zapada,1.5,2,1.75,1.25,,,,,,,,,,,,,,,,,1.6,,1,4,43,0,,
2019,GRTE,Surber,SF Teton Creek,31-Jul-19,2,Large,Zapada,2,1.75,4,2,1.5,,,,,,,,,,,,,,,,2.3,,1,5,54,0,,
2019,GRTE,Surber,Wind Cave,29-Jul-19,2,Small,Chironomidae,2,2,2.25,2,2.25,1.75,1.75,2,,,,,,,,,,,,,2,,1,8,86,0,adult,
2019,GRTE,Surber,Wind Cave,29-Jul-19,1,Small,Chironomidae,4.25,4.25,4,4.75,,,,,,,,,,,,,,,,,4.3,,1,4,43,0,pupae,
2019,GRTE,Surber,Wind Cave,29-Jul-19,1,Small,Chironomidae,2.25,,,,,,,,,,,,,,,,,,,,2.3,,1,1,11,0,adult,
2019,GRTE,Surber,Wind Cave,29-Jul-19,1,Large,Chironomidae,4.5,5,,,,,,,,,,,,,,,,,,,4.8,,1,2,22,0,pupae,
2019,GRTE,Surber,Wind Cave,29-Jul-19,2,Large,Lednia,5,,,,,,,,,,,,,,,,,,,,5,,1,1,11,0,,
2019,GRTE,Surber,Wind Cave,29-Jul-19,3,Small,Non-Tanypodinae,2.5,3,4,4,3,2,2.5,4,2,2,5,4,9.5,3.5,3.25,2,1.75,5,2.5,4,3.5,,1,31,334,0,,
2019,GRTE,Surber,Wind Cave,29-Jul-19,2,Small,Non-Tanypodinae,2.25,2,2,9,3,7,3.75,3,2.5,2.25,2,3.25,2.25,3.25,3,4.5,4.25,3.5,2,3.25,3.4,,1,97,1044,0,,
2019,GRTE,Surber,Wind Cave,29-Jul-19,1,Small,Non-Tanypodinae,2.25,5,3.5,2,4,4.5,2,2.75,2.25,3.25,2.5,2.5,2.5,3.5,2,2,3,2.25,3.25,2.5,2.9,,1,36,388,0,,
2019,GRTE,Surber,Wind Cave,29-Jul-19,3,Large,Non-Tanypodinae,6.5,5,9.5,10,4.5,7,8,6,9,10,3.5,9,4,8,9,8,,,,,7.3,,1,16,172,0,,
2019,GRTE,Surber,Wind Cave,29-Jul-19,2,Large,Non-Tanypodinae,9.25,8.25,4,1.5,8,5,6.5,4.5,3.5,2.5,11,8.5,8,8.5,7.5,10,8.5,4.25,7.5,8.5,6.8,,1,39,420,0,,
2019,GRTE,Surber,Wind Cave,29-Jul-19,1,Large,Non-Tanypodinae,2.5,2.25,7.5,3.25,3.25,5,8,4,5,,,,,,,,,,,,4.5,,1,9,97,0,,
2019,GRTE,Surber,Wind Cave,29-Jul-19,2,Large,Rhyacophila rotunda group,9.5,7,,,,,,,,,,,,,,,,,,,8.3,,1,2,22,0,,
2019,GRTE,Surber,Wind Cave,29-Jul-19,3,Small,Suwallia,3,,,,,,,,,,,,,,,,,,,,3,,1,1,11,0,,
2019,GRTE,Surber,Wind Cave,29-Jul-19,2,Small,Suwallia,1.5,1.5,,,,,,,,,,,,,,,,,,,1.5,,1,2,22,0,,
2019,GRTE,Surber,Wind Cave,29-Jul-19,1,Small,Suwallia,3,5,,,,,,,,,,,,,,,,,,,4,,1,2,22,0,,
2019,GRTE,Surber,Wind Cave,29-Jul-19,3,Large,Suwallia,5,5,5,,,,,,,,,,,,,,,,,,5,,1,3,32,0,,
2019,GRTE,Surber,Wind Cave,29-Jul-19,2,Large,Suwallia,5,6,6,,,,,,,,,,,,,,,,,,5.7,,1,3,32,0,,
2019,GRTE,Surber,Wind Cave,29-Jul-19,1,Large,Sweltsa,6,,,,,,,,,,,,,,,,,,,,6,,1,1,11,0,,
2019,GRTE,Surber,Wind Cave,29-Jul-19,3,Small,Zapada,3.25,2,2.25,4.5,3,3,,,,,,,,,,,,,,,3,,1,6,65,0,,
2019,GRTE,Surber,Wind Cave,29-Jul-19,2,Small,Zapada,2.25,2.5,2.75,,,,,,,,,,,,,,,,,,2.5,,1,3,32,0,,
2019,GRTE,Surber,Wind Cave,29-Jul-19,3,Large,Zapada,3.25,,,,,,,,,,,,,,,,,,,,3.3,,1,1,11,0,,