,MiddleTeton21,NFTeton21,DeltaLake21,Gusher21,CloudveilDome21,QuadCreek21,S.Cascade21,WindCave21,SilverRun21,SFTeton21,Skillet21,Grizzly21,SAKBasin21,ASV_Code,Percent_ID,Taxa_ID
4,0,12336,2,0,0,4616,132,0,1944,4,0,0,0,1a2a503e7ce0168b607754d7d19ae224,100,k_Eukaryota;p_Arthropoda;c_Insecta;o_Diptera;f_Chironomidae;g_;s_Chironomidae sp. BOLD-2016
7,309,0,0,9018,12,0,0,0,0,0,0,0,0,0d5a4fd525e3a35fc87801b04e7aa89d,100,k_Eukaryota;p_Arthropoda;c_Insecta;o_Plecoptera;f_Nemouridae;g_Zapada;s_Zapada glacier
10,0,0,8570,0,0,0,0,0,0,0,0,0,0,c84e1a43e0a7587c500f50cdb962fcd9,100,k_Eukaryota;p_Arthropoda;c_Insecta;o_Diptera;f_Chironomidae;g_;s_Orthocladiinae sp. I14-101-05
11,0,912,0,0,0,166,0,0,0,0,793,2473,0,1fdd2b4e5537be00dbef59853e5cda85,100,k_Eukaryota;p_Arthropoda;c_Insecta;o_Diptera;f_Simuliidae;g_Prosimulium;s_Prosimulium sp. BOLD-2016
31,0,31,0,0,0,698,0,0,43,0,0,419,0,76774f25be44970e0670326934d1b2c6,100,k_Eukaryota;p_Arthropoda;c_Insecta;o_Plecoptera;f_Perlodidae;g_Megarcys;s_Megarcys watertoni
32,0,0,0,0,0,0,0,0,134,537,0,0,1012,4fb15a13834f703a85631968475af783,100,k_Eukaryota;p_Arthropoda;c_Insecta;o_Plecoptera;f_Nemouridae;g_Zapada;s_Zapada sp. n. 'sexton'
37,0,6,0,0,0,15,0,0,885,0,0,0,0,47509e24c9d4c7b5a7d77e284cd07e24,100,k_Eukaryota;p_Arthropoda;c_Insecta;o_Ephemeroptera;f_Ephemerellidae;g_;s_Ephemerellidae sp. BOLD:AAI9117
43,0,706,62,5,0,136,0,0,20,59,29,0,14,b339991ab8dec90adc281182c170989f,100,k_Eukaryota;p_Arthropoda;c_Insecta;o_Diptera;f_Chironomidae;g_;s_Chironomidae sp. I14-95-03
45,0,0,0,0,0,0,652,0,0,0,0,0,0,2508fddeac3701326d05148a8456a8ff,100,k_Eukaryota;p_Arthropoda;c_Insecta;o_Diptera;f_Anthomyiidae;g_;s_Anthomyiidae sp. BOLD-2016
49,0,149,0,0,0,430,0,0,2,0,0,36,0,f2aa70d26e23e05738f54c903f093a40,100,k_Eukaryota;p_Arthropoda;c_Insecta;o_Diptera;f_Chironomidae;g_Diamesa;s_Diamesa nr. hyperborea BIOUG22041-H01
51,0,10,0,0,0,573,0,0,0,22,0,0,0,a4e454ed698bba30ad0f20bc2c5901e6,100,k_Eukaryota;p_Arthropoda;c_Insecta;o_Diptera;f_Chironomidae;g_;s_Chironomidae sp. BOLD-2016
58,0,0,0,0,106,0,0,0,860,44,0,0,62,0c1226895b13b1f3200f6347ebf78dfe,100,k_Eukaryota;p_Arthropoda;c_Insecta;o_Diptera;f_Chironomidae;g_Micropsectra;s_Micropsectra logani
60,0,0,0,0,0,422,0,0,0,0,0,0,0,fadd015d827a7bb76e2f4b60ed99abcf,100,k_Eukaryota;p_Arthropoda;c_Ostracoda;o_;f_;g_;s_Ostracoda sp. BIOUG09716-A01
69,0,0,0,0,0,0,0,273,0,66,0,0,374,c526ddee9c61fe990c94e0e061f6ab27,100,k_Eukaryota;p_Arthropoda;c_Insecta;o_Diptera;f_Chironomidae;g_;s_Orthocladiinae sp. BIOUG25697-A10
74,0,0,0,0,0,0,0,0,321,65,0,0,160,414e7cba3007572c3b28b7fc20972135,100,k_Eukaryota;p_Arthropoda;c_Insecta;o_Diptera;f_Chironomidae;g_Micropsectra;s_Micropsectra sp. BIOUG22208-H09
80,0,2,0,0,0,0,0,0,490,0,0,0,0,43913d4e0c98cfa0746f3c0afc3f52de,100,k_Eukaryota;p_Arthropoda;c_Insecta;o_Diptera;f_Chironomidae;g_Micropsectra;s_Micropsectra sp. BIOUG25572-A11
83,0,0,0,11,0,196,0,0,17,0,247,52,0,a5e8ad52088380aa36ed309d7562d7fc,100,k_Eukaryota;p_Arthropoda;c_Insecta;o_Diptera;f_Chironomidae;g_;s_Chironomidae sp. BOLD-2016
89,0,0,0,0,208,0,0,0,0,0,0,0,0,3a6c15e57f429cf69738d017c5774f97,100,k_Eukaryota;p_Arthropoda;c_Insecta;o_Diptera;f_Chironomidae;g_Orthocladius;s_Orthocladius sp. BOLD:ACK1991
90,0,0,0,0,0,0,0,0,0,199,0,0,0,4d58bcfdaae468df1011ace6ce24d93e,100,k_Eukaryota;p_Arthropoda;c_Insecta;o_Diptera;f_Chironomidae;g_Stempellinella;s_Stempellinella sp. BIOUG25692-C08
93,0,0,183,174,0,0,0,2,0,0,48,0,0,9e1879ad28440b38aa150129231c9d95,100,k_Eukaryota;p_Arthropoda;c_Insecta;o_Diptera;f_Chironomidae;g_;s_Orthocladiinae sp. BOLD-2016
97,0,0,167,0,0,0,0,0,0,6,34,8,0,5d0c2d2e492101d0dadedbefbf4d2555,100,k_Eukaryota;p_Arthropoda;c_Insecta;o_Trichoptera;f_Rhyacophilidae;g_;s_Rhyacophilidae sp. 10BBEPT-0215
102,0,0,0,0,0,0,0,0,24,162,0,0,0,e7125cd1896bd2c8768b2f66da32df30,100,k_Eukaryota;p_Arthropoda;c_Insecta;o_Ephemeroptera;f_Heptageniidae;g_Cinygmula;s_Cinygmula sp. D BG-2018
119,0,0,0,0,0,10,0,0,0,0,0,0,121,ae7031021fb3474f2ed25de4e15081eb,100,k_Eukaryota;p_Arthropoda;c_Insecta;o_Diptera;f_Chironomidae;g_Diamesa;s_Diamesa sp. BOLD:ACG3454
121,0,0,0,0,0,115,0,0,7,0,0,0,0,3ea7129b9142ad1c752ea9fe33a4e8e7,100,k_Eukaryota;p_Arthropoda;c_Insecta;o_Trichoptera;f_Apataniidae;g_Allomyia;s_Allomyia sp. KMK US1
141,0,0,0,0,0,0,0,0,8,79,0,0,0,392a843964a924e7a84ee1ba45838e88,100,k_Eukaryota;p_Arthropoda;c_Insecta;o_Plecoptera;f_Chloroperlidae;g_Sweltsa;s_Sweltsa borealis
143,0,73,0,0,0,0,0,0,0,0,0,0,0,007f84bb719cf6ba7736542aaa461637,100,k_Eukaryota;p_Arthropoda;c_Insecta;o_Diptera;f_Chironomidae;g_Orthocladius;s_Orthocladius sp. BIOUG31174-F12
151,0,0,0,0,0,0,0,0,65,0,0,0,0,d2cfd6e03d9ae4c714d5796aeadd5d31,100,k_Eukaryota;p_Arthropoda;c_Insecta;o_Diptera;f_Chironomidae;g_;s_Orthocladiinae sp. BIOUG24967-H08
156,0,0,0,0,0,0,0,0,0,0,0,58,0,4446f34b71b3e1b11a4bd870874ed3f4,100,k_Eukaryota;p_Arthropoda;c_Insecta;o_Diptera;f_Chironomidae;g_Eukiefferiella;s_Eukiefferiella claripennis
159,0,0,0,0,0,22,0,0,33,0,0,0,15,fe060d355ec1d098bd43aa4ed6b1cf4c,100,k_Eukaryota;p_Arthropoda;c_Insecta;o_Diptera;f_Chironomidae;g_;s_Orthocladiinae sp. BIOUG24102-B12
163,0,0,0,0,0,0,0,0,0,51,0,0,0,b2657e2745bfee1b3d79e9249b51ddd9,100,k_Eukaryota;p_Arthropoda;c_Insecta;o_Plecoptera;f_Nemouridae;g_Zapada;s_Zapada sp. BOLD:ACI4043
170,0,0,0,0,0,45,0,0,0,0,0,0,0,d89065d4b39e32b7e5b9e9206110052a,100,k_Eukaryota;p_Arthropoda;c_Insecta;o_Diptera;f_Chironomidae;g_Hydrobaenus;s_Hydrobaenus sp. BOLD:ACG3277
173,0,0,0,0,0,0,0,0,0,0,0,0,43,5bd74910070ec52f343a97c371a9dbe7,100,k_Eukaryota;p_Arthropoda;c_Insecta;o_Diptera;f_Chironomidae;g_Diamesa;s_Diamesa sp. BIOUG22204-A10
181,0,0,36,0,0,0,0,0,0,0,0,0,0,68bc8267e18bb4de0d98afd5498637b5,100,k_Eukaryota;p_Arthropoda;c_Insecta;o_Diptera;f_Chironomidae;g_;s_Orthocladiinae sp. BIOUG25572-A06
184,0,0,0,0,0,0,0,0,0,7,0,12,35,05ab15ee31965ae2e8592bcaa45970e0,100,k_Eukaryota;p_Arthropoda;c_Insecta;o_Diptera;f_Chironomidae;g_;s_Chironomidae sp. BIOUG25572-H01
193,0,0,0,0,0,0,0,0,0,23,0,29,29,5f952a214a776f05e96274bc46666fc8,100,k_Eukaryota;p_Arthropoda;c_Insecta;o_Diptera;f_Chironomidae;g_;s_Orthocladiinae sp. BIOUG26742-G06
199,0,0,0,0,0,22,0,0,0,0,0,0,0,2e6ab1a2b7a798ab70db43ed0731371e,100,k_Eukaryota;p_Arthropoda;c_Insecta;o_Diptera;f_Muscidae;g_Coenosia;s_Coenosia tarsata
201,0,0,0,0,0,0,0,0,0,0,22,0,0,15f1bd9789423546d0553625953e0cbc,100,k_Eukaryota;p_Arthropoda;c_Insecta;o_Diptera;f_Chironomidae;g_;s_Chironomidae sp. BIOUG20694-E02
205,0,0,0,0,0,0,0,0,20,0,0,0,12,c169e6e2cc3d77abee5a8291552d7f04,100,k_Eukaryota;p_Arthropoda;c_Insecta;o_Diptera;f_Chironomidae;g_;s_Chironomidae sp. BOLD:ACU9267
210,0,0,0,0,0,0,0,0,17,0,0,0,0,ff196f0d529d150c0fedcb1f8e462677,100,k_Eukaryota;p_Arthropoda;c_Insecta;o_Diptera;f_Chironomidae;g_Corynoneura;s_Corynoneura sp. BIOUG21429-E02
232,0,0,0,0,0,0,6,0,0,0,0,0,0,68b0143a79550b281b8e7e8dff34bae5,100,k_Eukaryota;p_Arthropoda;c_Insecta;o_Ephemeroptera;f_Leptohyphidae;g_Leptohyphes;s_Leptohyphes sp. L BG-2018
236,0,0,0,0,0,0,0,0,0,0,0,5,0,07f71c61c50de0ab07036db6903e7d87,100,k_Eukaryota;p_Arthropoda;c_Insecta;o_Trichoptera;f_Limnephilidae;g_Dicosmoecus;s_Dicosmoecus atripes
241,0,0,0,0,0,4,0,0,0,0,0,0,0,b43a80d59fcaea5f60da0b96441e144c,100,k_Eukaryota;p_Arthropoda;c_Insecta;o_Diptera;f_Chironomidae;g_;s_Chironomidae sp. BIOUG25694-H06
244,0,0,0,0,0,0,0,0,0,0,4,0,0,81f6a3e930a2cf55900269d72c706005,100,k_Eukaryota;p_Arthropoda;c_Insecta;o_Neuroptera;f_Coniopterygidae;g_;s_Coniopterygidae sp. BIOUG25549-C04
248,0,0,0,0,0,0,0,0,0,0,0,4,0,c80d612621223369d609e4fad76f9f4b,100,k_Eukaryota;p_Arthropoda;c_Insecta;o_Trichoptera;f_Limnephilidae;g_Homophylax;s_Homophylax sp. DRCAD456-10
255,0,0,0,0,0,2,0,0,0,0,0,0,0,c6259a2b5f540c53b79d60b6f31a013b,100,k_Eukaryota;p_Arthropoda;c_Insecta;o_Trichoptera;f_Apataniidae;g_Allomyia;s_Allomyia sp. BOLD:AAH8586
260,0,0,0,0,0,0,0,0,0,0,2,0,0,ec7c0e34be1ff798f48351eda066680c,100,k_Eukaryota;p_Arthropoda;c_Insecta;o_Diptera;f_Chironomidae;g_;s_Orthocladiinae sp. BIOUG25692-D03
261,0,0,0,0,0,0,0,0,0,0,0,2,0,fac4b2a2a39769f4b553000d6a61565e,100,k_Eukaryota;p_Arthropoda;c_Insecta;o_Diptera;f_Chironomidae;g_;s_Chironomidae sp. BOLD:ACK4643
262,0,0,0,0,0,0,0,0,0,0,0,2,0,7a812d3456b55e81374194c291e38eb2,100,k_Eukaryota;p_Arthropoda;c_Insecta;o_Diptera;f_Phoridae;g_Megaselia;s_Megaselia sp. BIOUG28251-D09
47,0,0,84,629,0,0,0,563,0,27,0,0,0,5749d4af89f68a8fe476ab84a92fda33,99.306,k_Eukaryota;p_Arthropoda;c_Insecta;o_Diptera;f_Chironomidae;g_Cricotopus;s_Cricotopus sp. BIOUG26438-F04
188,0,0,0,32,0,0,0,0,0,0,0,0,0,240d49007ce9a735b2cf4e6f2e2b5a8a,99.306,k_Eukaryota;p_Arthropoda;c_Insecta;o_Diptera;f_Chironomidae;g_;s_Chironomidae sp. BOLD:ACG3047
203,0,0,0,0,0,0,0,0,21,0,0,0,0,c68986eca67cb0702435e90a6ff1f007,99.306,k_Eukaryota;p_Arthropoda;c_Insecta;o_Diptera;f_Chironomidae;g_Hydrobaenus;s_Hydrobaenus sp. BOLD:ACG3277
221,0,10,0,0,0,0,0,0,0,0,11,0,0,38c88af707deef5ef5ccb3fb17a967b7,99.306,k_Eukaryota;p_Arthropoda;c_Insecta;o_Hemiptera;f_Miridae;g_Lygus;s_Lygus keltoni
264,0,0,0,0,0,0,0,0,0,0,0,0,2,b20d3a711f533e01369f23fb53038a9f,99.306,k_Eukaryota;p_Arthropoda;c_Insecta;o_Diptera;f_Chironomidae;g_;s_Chironomidae sp. SSWLF4410-13
12,0,0,23,843,0,0,0,274,0,3519,0,0,0,228e879841188e64b96a41a5d9611817,99.301,k_Eukaryota;p_Arthropoda;c_Insecta;o_Plecoptera;f_Nemouridae;g_Zapada;s_Zapada sp. BIOUG20783-C06
20,165,159,0,91,0,0,0,0,0,0,570,2153,0,afc802ee67182efe4abeeb99176cfda1,99.301,k_Eukaryota;p_Arthropoda;c_Insecta;o_Diptera;f_Simuliidae;g_Prosimulium;s_Prosimulium sp. BOLD-2016
22,123,208,0,0,58,0,0,0,0,0,228,2516,0,16204d0867c0f839c28016031e2efd85,99.301,k_Eukaryota;p_Arthropoda;c_Insecta;o_Diptera;f_Chironomidae;g_Orthocladius;s_Orthocladius sp. BOLD:ACL0132
26,0,0,0,0,0,18,0,241,452,805,0,91,27,946a7d60d524f95ded7ba6f47f4dbaca,99.301,k_Eukaryota;p_Arthropoda;c_Insecta;o_Plecoptera;f_Chloroperlidae;g_Sweltsa;s_Sweltsa sp. XZ03
39,674,0,0,0,0,0,0,0,0,0,0,88,757,6b80d584edc5cbdf530fddb6909905c8,99.301,k_Eukaryota;p_Arthropoda;c_Insecta;o_Diptera;f_Chironomidae;g_;s_Chironomidae sp. BOLD:ACG4319
95,0,0,0,0,0,0,0,0,0,7,0,0,179,fce8d2ff2cd9f12bf8e587d86c0c9319,99.301,k_Eukaryota;p_Arthropoda;c_Insecta;o_Diptera;f_Chironomidae;g_;s_Chironomidae sp. BOLD:ACI5892
100,0,162,0,0,0,0,0,0,0,0,0,0,0,54f517134605d266d320cf7ce140ab72,99.301,k_Eukaryota;p_Arthropoda;c_Insecta;o_Coleoptera;f_Elmidae;g_Optioservus;s_Optioservus sp. CFWIE054-10
191,0,0,0,0,0,0,0,31,0,0,0,0,0,6874072487952db8d6cd344aff6f5bca,99.301,k_Eukaryota;p_Arthropoda;c_Insecta;o_Diptera;f_Chironomidae;g_Tokunagaia;s_Tokunagaia sp. BOLD-2016
15,0,0,0,0,0,0,2389,0,0,0,0,0,0,90b57bfbe6a11cf87cd118c39365ee67,99.296,k_Eukaryota;p_Arthropoda;c_Insecta;o_Diptera;f_Chironomidae;g_Orthocladius;s_Orthocladius roussellae
16,634,427,1141,0,0,67,0,3760,0,0,0,0,29,24bd87a45dcd6aeb8ce82e5f83e8d2aa,99.296,k_Eukaryota;p_Arthropoda;c_Insecta;o_Diptera;f_Chironomidae;g_Diamesa;s_Diamesa sp. BOLD-2016
40,0,86,0,0,0,0,0,0,756,0,0,8,280,7571cee4dcecfbf04e83e2bddf7f6fbf,99.296,k_Eukaryota;p_Arthropoda;c_Insecta;o_Diptera;f_Chironomidae;g_;s_Chironomidae sp. BIOUG22736-D02
68,0,0,0,0,0,0,0,0,0,379,0,0,0,6c065d2b08f97a922626e94febe96474,99.296,k_Eukaryota;p_Arthropoda;c_Insecta;o_Ephemeroptera;f_Heptageniidae;g_Epeorus;s_Epeorus deceptivus
73,0,0,327,36,0,0,0,0,0,0,0,0,0,b6eecaf2097e883d91273375f574374f,99.296,k_Eukaryota;p_Arthropoda;c_Insecta;o_Diptera;f_Chironomidae;g_;s_Chironomidae sp. BOLD:ACG1632
79,0,0,0,51,0,0,0,225,0,0,0,0,0,c3fa2dcfffa6840b81dc4b09ea9b75f3,99.296,k_Eukaryota;p_Arthropoda;c_Insecta;o_Diptera;f_Simuliidae;g_;s_Simuliidae sp. I14-44-03
105,0,0,0,0,0,157,0,0,0,0,0,0,0,a9c4e701d574f1365c19ce1e6a9303ab,99.296,k_Eukaryota;p_Arthropoda;c_Insecta;o_Diptera;f_Chironomidae;g_Micropsectra;s_Micropsectra sp. BIOUG23516-A11
131,0,0,0,0,0,0,0,0,17,0,0,0,89,149bc99c0fb02d44bf403082c72f98fd,99.296,k_Eukaryota;p_Arthropoda;c_Insecta;o_Diptera;f_Chironomidae;g_Orthocladius;s_Orthocladius sp. BIOUG22026-C03
147,0,0,69,0,0,0,0,0,0,0,0,0,0,bc7514549967b8d54dec8ce7453f9b52,99.296,k_Eukaryota;p_Arthropoda;c_Insecta;o_Diptera;f_Chironomidae;g_;s_Orthocladiinae sp. BIOUG26726-G01
177,0,0,0,0,0,39,0,0,0,0,0,0,0,d6541a6efa04103e80566a1f717958e8,99.296,k_Eukaryota;p_Arthropoda;c_Insecta;o_Diptera;f_Chironomidae;g_;s_Orthocladiinae sp. BOLD-2016
187,0,32,0,0,0,0,0,0,25,0,0,0,0,638546d957963202856becf64e66330a,99.296,k_Eukaryota;p_Arthropoda;c_Insecta;o_Trichoptera;f_Rhyacophilidae;g_Rhyacophila;s_Rhyacophila verrula
197,0,0,0,0,0,0,0,0,0,0,0,26,0,33d86083af88d60b6bd50be63ec3956a,99.296,k_Eukaryota;p_Annelida;c_Clitellata;o_Enchytraeida;f_Enchytraeidae;g_Marionina;s_Marionina cf. riparia PDW-2010
234,0,0,0,0,0,0,0,0,6,0,0,0,0,05a45e18bb78297b3c294febf0694aac,99.296,k_Eukaryota;p_Arthropoda;c_Insecta;o_Hemiptera;f_Cicadellidae;g_Dikraneura;s_Dikraneura sp. BIOUG22120-C10
252,0,2,0,0,0,0,0,0,0,0,0,0,0,6cabc06758e089d08113267d34c051ca,99.296,k_Eukaryota;p_Arthropoda;c_Insecta;o_Trichoptera;f_Limnephilidae;g_Psychoglypha;s_Psychoglypha sp. BIOUG01
218,0,0,0,0,0,11,0,0,0,0,0,0,0,2944ee230595c7524c90fc289b90a4f1,99.291,k_Eukaryota;p_Arthropoda;c_Insecta;o_Diptera;f_Chironomidae;g_;s_Tanypodinae sp. BIOUG20434-C12
135,0,0,0,0,0,0,0,0,0,85,0,0,27,8681e772ca0750b6cf2934323b2cf737,99.281,k_Eukaryota;p_Arthropoda;c_Insecta;o_Plecoptera;f_Nemouridae;g_Zapada;s_Zapada sp. n. 'sexton'
189,0,31,0,0,0,0,0,0,0,0,0,0,0,cb6796524474444089bb577d8a4818da,99.281,k_Eukaryota;p_Arthropoda;c_Insecta;o_Diptera;f_Chironomidae;g_Orthocladius;s_Orthocladius sp. I14-101-03
106,112,0,149,6,34,0,0,45,0,0,0,0,0,f15e7ed86813de60f9c0bcc43c197c4f,99.275,k_Eukaryota;p_Arthropoda;c_Insecta;o_Diptera;f_Chironomidae;g_;s_Chironomidae sp. BIOUG22411-B12
246,0,0,0,0,0,0,0,0,0,0,0,4,0,e0801068e4ba8729afddce94ec7c0894,98.639,k_Eukaryota;p_Arthropoda;c_Insecta;o_Diptera;f_Chironomidae;g_Heterotrissocladius;s_Heterotrissocladius sp. 20280-A10
42,0,0,0,0,0,0,0,0,722,0,0,0,0,65bf94f52d45984cf25d671d8bdb3679,98.611,k_Eukaryota;p_Arthropoda;c_Insecta;o_Plecoptera;f_Chloroperlidae;g_Sweltsa;s_Sweltsa sp. BOLD:AAG6639
165,0,0,0,48,0,0,0,0,0,0,0,0,0,2612afd45ad2b847a1075668e90a5df9,98.611,k_Eukaryota;p_Arthropoda;c_Insecta;o_Diptera;f_Chironomidae;g_Diamesa;s_Diamesa urvantsevi
168,0,0,0,0,0,0,0,0,0,47,0,0,0,18b16ebdc28a684b512fb296906fa9ba,98.611,k_Eukaryota;p_Arthropoda;c_Insecta;o_Plecoptera;f_Perlodidae;g_Megarcys;s_Megarcys watertoni
25,116,417,0,0,160,0,0,0,0,0,351,1592,0,ec3e98ed173d55293880927bdf8a8028,98.601,k_Eukaryota;p_Arthropoda;c_Insecta;o_Diptera;f_Chironomidae;g_Orthocladius;s_Orthocladius sp. BOLD:ACL0132
57,34,0,0,0,0,0,0,0,0,0,0,482,0,27aaf190a11b8b9876ff3c69a12313e9,98.601,k_Eukaryota;p_Arthropoda;c_Insecta;o_Diptera;f_Pediciidae;g_;s_Pediciidae sp. BOLD-2016
94,0,0,0,0,179,0,0,0,0,0,0,0,0,f2d72d3bb1cb0b5bab454eb750bebef5,98.601,k_Eukaryota;p_Arthropoda;c_Insecta;o_Diptera;f_Chironomidae;g_;s_Orthocladiinae sp. BIOUG31175-A03
101,0,0,0,0,0,162,0,0,49,0,0,22,0,a8ebd9f40e519c11a9fcf0ee4bc0682d,98.601,k_Eukaryota;p_Arthropoda;c_Insecta;o_Diptera;f_Chironomidae;g_Micropsectra;s_Micropsectra sp. BIOUG05238-C07
113,0,0,0,137,0,0,0,0,0,106,0,0,0,599addf0e640721d0be15c4934188982,98.601,k_Eukaryota;p_Arthropoda;c_Insecta;o_Diptera;f_Chironomidae;g_;s_Chironomidae sp. BIOUG26742-H03
114,0,0,0,0,0,0,0,0,0,133,0,0,0,4b231a120b75edbcb0821ad7822f8f83,98.601,k_Eukaryota;p_Arthropoda;c_Insecta;o_Diptera;f_Chironomidae;g_Micropsectra;s_Micropsectra sp. BOLD-2016
129,0,0,0,170,0,0,0,0,0,0,0,0,0,0e39bc7b22142aba9809fb61e00dfec7,98.601,k_Eukaryota;p_Arthropoda;c_Insecta;o_Diptera;f_Chironomidae;g_;s_Chironomidae sp. BIOUG22054-D09
154,0,0,0,0,0,62,0,0,0,0,0,0,0,ef12ad01bc5ca753e1e871eb00a4842c,98.601,k_Eukaryota;p_Arthropoda;c_Insecta;o_Diptera;f_Pediciidae;g_;s_Pediciidae sp. SW10-02
214,0,0,0,15,0,0,0,0,0,0,0,0,0,066777d86a8ca2ffd6e9c9d1287580cd,98.601,k_Eukaryota;p_Arthropoda;c_Insecta;o_Diptera;f_Chironomidae;g_;s_Chironomidae sp. BIOUG22411-B11
242,0,0,0,0,0,0,0,0,4,0,0,0,0,c641a9f37bf1b250e674c245c63f7b6c,98.601,k_Eukaryota;p_Arthropoda;c_Insecta;o_Diptera;f_Chironomidae;g_;s_Chironomidae sp. BIOUG22902-G07
24,0,0,0,0,0,0,1516,0,0,0,0,0,0,974205532e71c649baf87f1845fdb84d,98.592,k_Eukaryota;p_Arthropoda;c_Insecta;o_Diptera;f_Chironomidae;g_;s_Diamesinae sp. BIOUG22183-C10
34,0,0,60,560,371,29,0,346,0,0,44,198,0,3c9db203c2f7521b5330198678f74c0c,98.592,k_Eukaryota;p_Arthropoda;c_Insecta;o_Diptera;f_Chironomidae;g_Paratrichocladius;s_Paratrichocladius sp. 30280-A7
64,0,0,117,42,0,0,0,388,73,178,0,0,48,55712882149f6e2f3ac1ec88011e623b,98.592,k_Eukaryota;p_Arthropoda;c_Insecta;o_Plecoptera;f_Perlodidae;g_Megarcys;s_Megarcys subtruncata
65,0,0,0,0,0,0,0,0,0,386,0,0,0,82244c4776ac68fe55da2dc089e3acf1,98.592,k_Eukaryota;p_Arthropoda;c_Insecta;o_Ephemeroptera;f_Heptageniidae;g_Rhithrogena;s_Rhithrogena robusta
71,0,0,0,0,0,0,0,339,0,0,0,0,87,f85a960f60816f7fa8722e4e58b6086a,98.592,k_Eukaryota;p_Arthropoda;c_Insecta;o_Diptera;f_Chironomidae;g_;s_Chironomidae sp. BIOUG25357-E02
82,0,0,0,187,0,0,0,0,0,0,0,251,0,f98ae1a898fae09f5f6a37d98ba2ff30,98.592,k_Eukaryota;p_Arthropoda;c_Insecta;o_Diptera;f_Chironomidae;g_;s_Chironomidae sp. BOLD-2016
84,0,0,0,15,0,0,0,0,0,224,0,0,0,90f8dd8c3e521b356a76fcf2b5fd8577,98.592,k_Eukaryota;p_Arthropoda;c_Insecta;o_Diptera;f_Chironomidae;g_Orthocladius;s_Orthocladius sp. I14-94-04
125,0,0,0,0,106,0,0,0,0,0,0,0,0,c8578e7c6236818eeb711891ee7f7b50,98.592,k_Eukaryota;p_Arthropoda;c_Insecta;o_Diptera;f_Simuliidae;g_Prosimulium;s_Prosimulium neomacropyga
206,0,0,0,0,0,19,0,0,0,0,0,0,0,aaf0519c897c20a84eff5c95f4d99740,98.592,k_Eukaryota;p_Arthropoda;c_Insecta;o_Diptera;f_Empididae;g_;s_Empididae sp. BBDCQ326-10
225,0,8,0,0,0,0,0,0,0,0,0,0,0,8b258a3bce926be9b3f20a1dcb8bdbc5,98.592,k_Eukaryota;p_Arthropoda;c_Insecta;o_Diptera;f_Chironomidae;g_Smittia;s_Smittia sp. BIOUG22041-E09
54,0,0,0,549,0,0,0,20,0,0,0,0,0,357332b88849ed40a391ff97d57443fe,98.571,k_Eukaryota;p_Arthropoda;c_Insecta;o_Diptera;f_Chironomidae;g_Eukiefferiella;s_Eukiefferiella devonica group sp.
253,0,0,0,2,0,0,0,0,0,0,0,0,0,c2b22c48fb17c01349b28dace666fbea,97.938,k_Eukaryota;p_Arthropoda;c_Ostracoda;o_;f_;g_;s_Ostracoda sp. BIOUG09716-A01
96,0,0,0,2,0,0,0,0,177,0,0,0,19,f2b9ebdeea1f30f60b35cc4e0dfdd3b5,97.917,k_Eukaryota;p_Arthropoda;c_Ostracoda;o_;f_;g_;s_Ostracoda sp. BIOUG09716-A01
120,0,0,67,26,0,0,0,107,0,118,0,0,39,c59bb2080faedbd658d5282c065aa6b2,97.917,k_Eukaryota;p_Arthropoda;c_Insecta;o_Plecoptera;f_Perlodidae;g_Megarcys;s_Megarcys signata complex sp. A BG-2018
28,993,99,0,0,1280,0,0,0,76,0,565,344,431,9bc3bc72679646a002ebdde1f39cccf1,97.902,k_Eukaryota;p_Arthropoda;c_Insecta;o_Diptera;f_Chironomidae;g_;s_Chironomidae sp. BOLD:ACG4319
33,0,0,0,277,0,0,0,950,0,0,21,0,0,c3e392c4ebdaaa44fae8dc0c6063f352,97.902,k_Eukaryota;p_Arthropoda;c_Insecta;o_Diptera;f_Chironomidae;g_;s_Chironomidae sp. BOLD:ACG2248
35,0,0,0,0,0,0,0,0,0,1727,0,0,0,96368b1dbf9aee9b465cc907653c20ec,97.902,k_Eukaryota;p_Arthropoda;c_Insecta;o_Ephemeroptera;f_Heptageniidae;g_;s_Heptageniidae sp. BIOUG21000-D06
62,0,0,0,0,0,0,0,0,0,677,0,0,76,ef350bbc5105799b4a88602a40670939,97.902,k_Eukaryota;p_Arthropoda;c_Insecta;o_Diptera;f_Chironomidae;g_;s_Chironomidae sp. BOLD:ACI5524
88,0,0,0,212,0,0,0,0,0,0,45,118,0,b546fb721ba90227c5263a5ccbc18ca5,97.902,k_Eukaryota;p_Arthropoda;c_Insecta;o_Diptera;f_Simuliidae;g_Prosimulium;s_Prosimulium travisi
92,0,0,0,0,0,0,0,0,0,0,0,190,0,053a5ee7cd97f76822d224562b3ded21,97.902,k_Eukaryota;p_Arthropoda;c_Insecta;o_Diptera;f_Chironomidae;g_Paratrichocladius;s_Paratrichocladius sp. 30280-A7
166,0,0,0,0,0,48,0,0,0,0,0,0,0,7f1e526c5100b06ce01a89f413b74e85,97.902,k_Eukaryota;p_Arthropoda;c_Insecta;o_Plecoptera;f_Perlodidae;g_Megarcys;s_Megarcys watertoni
174,0,0,0,0,0,42,0,0,0,0,0,0,0,6d05d09f422b12ff3a44a7c0fbbbf255,97.902,k_Eukaryota;p_Arthropoda;c_Insecta;o_Diptera;f_Chironomidae;g_;s_Chironomidae sp. BOLD:ACI5524
228,0,0,0,0,0,0,0,0,7,0,0,0,0,3bba737af434e8601c2a355f43bf57f2,97.902,k_Eukaryota;p_Arthropoda;c_Insecta;o_Diptera;f_Chironomidae;g_Tokunagaia;s_Tokunagaia sp. BOLD-2016
118,0,0,0,0,121,0,0,0,0,0,0,0,0,a7247208212ec6710a4accca54d0f667,97.887,k_Eukaryota;p_Arthropoda;c_Insecta;o_Diptera;f_Chironomidae;g_;s_Tanypodinae sp. BIOUG20434-C12
164,0,0,0,0,0,0,0,0,0,0,0,0,49,332f56345f145e3b033759fec66f0c18,97.887,k_Eukaryota;p_Arthropoda;c_Insecta;o_Diptera;f_Chironomidae;g_;s_Chironomidae sp. BOLD-2016
195,0,0,0,0,0,26,0,0,0,0,0,0,0,55227cc012e61151b19b112b42f9a7ab,97.887,k_Eukaryota;p_Arthropoda;c_Insecta;o_Diptera;f_Chironomidae;g_;s_Chironomidae sp. BIOUG09888-F09
204,0,0,0,0,0,0,0,0,0,0,0,21,0,5af98c45be2166f4a794743c6355dd4d,97.887,k_Eukaryota;p_Arthropoda;c_Insecta;o_Hemiptera;f_Saldidae;g_;s_Saldidae sp. BOLD:AAD6477
220,0,0,0,0,0,0,0,0,11,0,0,0,0,7ba39d9e79b4e8a0f67fd962232c542f,97.887,k_Eukaryota;p_Arthropoda;c_Insecta;o_Diptera;f_Chironomidae;g_;s_Chironomidae sp. BIOUG25694-B02
157,0,0,0,0,0,0,0,0,0,56,0,0,49,bfdf7d1b29e5cba9ea2107360c533ece,97.857,k_Eukaryota;p_Arthropoda;c_Insecta;o_Plecoptera;f_Nemouridae;g_Zapada;s_Zapada sp. BOLD:ACI4043
103,0,0,0,161,0,0,0,0,0,0,13,0,0,bb2158ea08ba3017e9dab7079283c1f9,97.222,k_Eukaryota;p_Arthropoda;c_Insecta;o_Diptera;f_Chironomidae;g_;s_Chironomidae sp. BIOUG26742-H03
8,61,0,0,2452,0,0,6,4104,0,990,0,0,180,b3d5014bb362387cd4c0ea7e528b7cd6,97.203,k_Eukaryota;p_Arthropoda;c_Insecta;o_Plecoptera;f_Nemouridae;g_Zapada;s_Zapada sp. BIOUG20783-C06
19,521,78,643,32,845,0,0,0,0,0,635,0,0,73c9cda8bf5d24fac325866fde593a40,97.203,k_Eukaryota;p_Arthropoda;c_Insecta;o_Diptera;f_Chironomidae;g_;s_Orthocladiinae sp. BOLD-2016
46,0,0,0,0,0,0,0,0,365,0,0,1219,0,55de8332bfacab0881dbba5cc9868dfe,97.203,k_Eukaryota;p_Arthropoda;c_Insecta;o_Plecoptera;f_Perlodidae;g_Megarcys;s_Megarcys signata complex sp. A BG-2018
91,194,0,0,0,0,0,0,0,0,0,0,181,0,17bc31799e272b0610d4c978cf6853c1,97.203,k_Eukaryota;p_Arthropoda;c_Insecta;o_Diptera;f_Chironomidae;g_Orthocladius;s_Orthocladius sp. BOLD-2016
179,0,0,0,0,0,0,0,0,0,38,0,0,0,c3cd0768be8c0ce73792e61f47c841bd,97.203,k_Eukaryota;p_Arthropoda;c_Insecta;o_Plecoptera;f_Chloroperlidae;g_Sweltsa;s_Sweltsa sp. BIOUG22200-G07
3,7734,0,0,0,668,0,4784,0,0,0,0,0,0,5c5531cbec4b0e3f611d66f09b5ac593,97.183,k_Eukaryota;p_Arthropoda;c_Insecta;o_Diptera;f_Chironomidae;g_Chaetocladius;s_Chaetocladius holmgreni
158,0,0,0,0,0,0,0,0,80,56,0,0,0,083693cbc188c4077d5abfce62e2a151,97.183,k_Eukaryota;p_Arthropoda;c_Insecta;o_Plecoptera;f_Nemouridae;g_Zapada;s_Zapada sp. BIOUG26656-H07
17,65,1495,0,0,1001,36,169,0,0,0,138,708,0,f87b1877f6cc6ebf9c344cc780e5f7a0,97.143,k_Eukaryota;p_Arthropoda;c_Insecta;o_Diptera;f_Chironomidae;g_Diamesa;s_Diamesa zernyi
41,0,309,0,0,0,723,0,0,0,0,0,0,0,2ec509c97cb0873d50fb66eb7beca3e0,97.143,k_Eukaryota;p_Arthropoda;c_Insecta;o_Diptera;f_Chironomidae;g_Hydrobaenus;s_Hydrobaenus sp. BOLD:ACG3277
48,0,0,0,0,597,0,0,0,0,0,210,27,0,cbe630aef19b05de309072be46907469,96.528,k_Eukaryota;p_Arthropoda;c_Insecta;o_Diptera;f_Chironomidae;g_;s_Chironomidae sp. BOLD-2016
70,0,0,0,0,0,0,0,0,0,0,356,0,0,8d4a3f2d62bdc1101b17b527535cd3cb,96.528,k_Eukaryota;p_Arthropoda;c_Insecta;o_Diptera;f_Chironomidae;g_;s_Orthocladiinae sp. BOLD-2016
126,0,0,0,0,0,104,26,0,0,0,0,51,0,11b40c6b405ba5d31a01dc120f3ae437,96.528,k_Eukaryota;p_Arthropoda;c_Insecta;o_Plecoptera;f_Perlodidae;g_Megarcys;s_Megarcys signata complex sp. A BG-2018
153,0,0,0,0,0,0,0,0,0,64,0,0,0,f816297d783fdd140c580d4bbc4b5159,96.528,k_Eukaryota;p_Arthropoda;c_Insecta;o_Trichoptera;f_Apataniidae;g_Allomyia;s_Allomyia sp. DR 3
183,0,0,0,0,0,0,0,35,0,0,0,0,0,aafe0216d7034f977f170272a6dcbbcc,96.528,k_Eukaryota;p_Arthropoda;c_Insecta;o_Diptera;f_Chironomidae;g_Diamesa;s_Diamesa sp. BBDCN674-10
36,0,0,0,497,0,0,0,888,0,29,96,0,0,593cb674417a42ac6779afe36dd402fa,96.503,k_Eukaryota;p_Arthropoda;c_Insecta;o_Diptera;f_Simuliidae;g_Helodon;s_Helodon onychodactylus complex sp. JMR-2009
61,0,0,0,0,0,81,0,0,413,56,0,0,100,c49ba6c73eb3e69d7e2011d79d7e9321,96.503,k_Eukaryota;p_Arthropoda;c_Insecta;o_Plecoptera;f_Nemouridae;g_Zapada;s_Zapada sp. BIOUG26656-H07
75,0,0,0,0,0,0,320,0,0,0,0,0,0,0aea33a176d40f491de14d7227dac76f,96.503,k_Eukaryota;p_Arthropoda;c_Insecta;o_Diptera;f_Chironomidae;g_Metriocnemus;s_Metriocnemus sp. 8ES
76,0,0,0,0,0,0,0,0,0,0,0,297,0,6ce6494d68a6ffdb0286258e6bd16b44,96.503,k_Eukaryota;p_Arthropoda;c_Insecta;o_Diptera;f_Chironomidae;g_Orthocladius;s_Orthocladius sp. BOLD:ACM1276
86,0,0,0,0,0,0,0,0,222,0,0,0,0,0d459a51a2b587e6697c746610b5caa6,96.503,k_Eukaryota;p_Arthropoda;c_Insecta;o_Plecoptera;f_Chloroperlidae;g_Sweltsa;s_Sweltsa sp. BOLD:AAG6639
127,0,0,0,0,0,0,0,0,98,0,0,0,0,aa2d4271136148fa8732c7187ab37ae6,96.503,k_Eukaryota;p_Arthropoda;c_Insecta;o_Diptera;f_Chironomidae;g_Micropsectra;s_Micropsectra sp. BOLD:ACI4103
136,0,0,0,0,0,0,84,0,0,0,0,0,0,9cecbda3c1c254aca898500e4d25a7ee,96.503,k_Eukaryota;p_Arthropoda;c_Insecta;o_Diptera;f_Chironomidae;g_;s_Diamesinae sp. BIOUG22183-C10
162,0,0,0,0,51,0,0,0,0,0,0,0,0,a9b6409f93257d4d92164a3a7cef1046,96.503,k_Eukaryota;p_Arthropoda;c_Insecta;o_Diptera;f_Chironomidae;g_Diamesa;s_Diamesa sp. 4XL
176,0,0,0,0,0,0,0,0,40,0,0,0,0,b0ae46f6d6d6d0c82afee13e3b33d04a,96.503,k_Eukaryota;p_Arthropoda;c_Insecta;o_Diptera;f_Chironomidae;g_;s_Orthocladiinae sp. BOLD-2016
178,0,0,0,0,0,38,0,0,0,0,0,0,0,23f57312186599f42ae3926cee618329,96.503,k_Eukaryota;p_Arthropoda;c_Insecta;o_Diptera;f_Chironomidae;g_;s_Orthocladiinae sp. BIOUG26726-G01
212,0,0,0,0,0,0,0,16,0,0,0,0,0,d38976366f6d6e9fa5129103480bfec5,96.503,k_Eukaryota;p_Arthropoda;c_Insecta;o_Diptera;f_Chironomidae;g_Tokunagaia;s_Tokunagaia sp. BOLD-2016
222,0,0,0,0,10,0,0,0,0,0,0,0,0,419914f6a5fc1f1f823259e4ede3fe3b,96.503,k_Eukaryota;p_Arthropoda;c_Insecta;o_Plecoptera;f_Nemouridae;g_Lednia;s_Lednia tumana
239,0,4,0,0,0,0,0,0,0,0,0,0,0,a708fd43ac81a1d595a0007aa75c17cd,96.503,k_Eukaryota;p_Arthropoda;c_Insecta;o_Coleoptera;f_Scarabaeidae;g_Aphodius;s_Aphodius guttatus
30,0,0,0,1158,0,0,0,0,0,0,0,0,0,5b594152e4cae6d725ca19429af106c3,96.479,k_Eukaryota;p_Arthropoda;c_Insecta;o_Diptera;f_Chironomidae;g_;s_Chironomidae sp. BIOUG22054-D09
104,0,0,0,0,0,0,0,0,0,159,0,0,0,a60eab01d5bb91613b474225b8b404e0,96.479,k_Eukaryota;p_Arthropoda;c_Insecta;o_Plecoptera;f_Chloroperlidae;g_Sweltsa;s_Sweltsa sp. BIOUG22200-G07
109,0,0,104,37,0,0,0,0,0,0,0,0,0,1119a02ff7539725d86fd43334370a96,96.479,k_Eukaryota;p_Arthropoda;c_Insecta;o_Diptera;f_Chironomidae;g_;s_Orthocladiinae sp. BOLD-2016
171,0,0,0,0,0,0,0,0,43,0,0,0,0,5673f07ea103b9c88d17fc4e3eb2b37d,96.479,k_Eukaryota;p_Arthropoda;c_Insecta;o_Plecoptera;f_Perlodidae;g_Megarcys;s_Megarcys subtruncata
152,0,0,0,0,0,64,0,0,0,0,0,0,0,362f2ba45477a4afdf9d4e3efc35e525,96.454,k_Eukaryota;p_Arthropoda;c_Insecta;o_Plecoptera;f_Perlodidae;g_Megarcys;s_Megarcys signata complex sp. A BG-2018
117,0,0,0,17,0,0,0,0,0,0,125,0,0,5361253ae56ced15359a70d0fa3042c9,96.429,k_Eukaryota;p_Arthropoda;c_Insecta;o_Trichoptera;f_Hydropsychidae;g_Ceratopsyche;s_Ceratopsyche morosa
202,0,0,0,0,0,0,0,21,0,0,0,0,0,d8f7e0b7196a75af016626145420b019,96.403,k_Eukaryota;p_Arthropoda;c_Insecta;o_Diptera;f_Chironomidae;g_;s_Orthocladiinae sp. BOLD-2016
142,0,0,0,0,0,0,0,76,0,0,63,0,0,3ca99f3e251c967de18bc41332e91000,95.862,k_Eukaryota;p_Arthropoda;c_Insecta;o_Diptera;f_Limoniidae;g_;s_Limoniidae sp. BOLD:ACI7749
59,0,0,0,65,0,0,0,0,0,32,0,429,0,db45bfa4ae3cd6b78d3eb59ecfdade8d,95.833,k_Eukaryota;p_Arthropoda;c_Insecta;o_Diptera;f_Chironomidae;g_;s_Orthocladiinae sp. BOLD-2016
175,0,0,0,0,0,41,0,0,0,0,0,0,21,e79c991b1397e49d8dbc6852c8736253,95.833,k_Eukaryota;p_Arthropoda;c_Insecta;o_Plecoptera;f_Perlodidae;g_Megarcys;s_Megarcys signata complex sp. A BG-2018
2,0,222,4178,1420,0,40,1116,10627,120,1851,0,0,5595,f425895ec952356a56ea66e4c1b469de,95.804,k_Eukaryota;p_Arthropoda;c_Insecta;o_Plecoptera;f_Perlodidae;g_Megarcys;s_Megarcys sp. WS-02-09
23,0,0,0,0,0,383,0,0,1631,0,0,0,0,2afb24c1478b2ffcd65c080836b9152b,95.804,k_Eukaryota;p_Arthropoda;c_Insecta;o_Plecoptera;f_Perlodidae;g_Megarcys;s_Megarcys subtruncata
81,0,0,0,0,0,0,0,0,251,0,0,0,0,9d313eb801209e1056bb768a1af4bdb2,95.804,k_Eukaryota;p_Arthropoda;c_Insecta;o_Plecoptera;f_Nemouridae;g_Zapada;s_Zapada sp. BIOUG26656-H07
190,0,0,0,0,0,31,0,0,0,0,0,0,0,6a4567ead989bdc5db24da1dd7fa85c7,95.804,k_Eukaryota;p_Arthropoda;c_Insecta;o_Plecoptera;f_Perlodidae;g_Megarcys;s_Megarcys subtruncata
217,0,0,0,6,0,0,0,0,0,0,13,0,0,9db6a9fdd833b491d702458415d0bce2,95.804,k_Eukaryota;p_Arthropoda;c_Insecta;o_Diptera;f_Chironomidae;g_;s_Chironomidae sp. BIOUG27705-E01
134,0,0,0,0,0,0,0,0,85,68,0,0,0,19cec539d37a7e6e469e061bfbfabb7e,95.775,k_Eukaryota;p_Arthropoda;c_Insecta;o_Plecoptera;f_Nemouridae;g_Zapada;s_Zapada sp. BIOUG26656-H07
144,0,0,0,0,0,0,0,0,72,0,0,0,0,fb648f4948a0375bedd2b1d51518ee82,95.745,k_Eukaryota;p_Arthropoda;c_Insecta;o_Plecoptera;f_Chloroperlidae;g_Sweltsa;s_Sweltsa sp. BOLD:AAG6639
85,115,0,0,0,175,0,0,0,6,0,0,0,223,edf4cdb873661993a1a0e1db696aab51,95.652,k_Eukaryota;p_Arthropoda;c_Insecta;o_Diptera;f_Chironomidae;g_;s_Chironomidae sp. BOLD:ACG4319
211,0,0,0,0,0,0,0,0,17,0,0,0,0,e7ebd8a267534a56cd21be4e5525886b,95.62,k_Eukaryota;p_Arthropoda;c_Insecta;o_Plecoptera;f_Chloroperlidae;g_Sweltsa;s_Sweltsa sp. BOLD:AAF3559
133,0,0,0,0,0,49,0,85,74,0,0,0,0,d2f509af9de8583115a092cef4067688,95.42,k_Eukaryota;p_Arthropoda;c_Insecta;o_Diptera;f_Chironomidae;g_Zavrelimyia;s_Zavrelimyia sp. BOLD-2016
44,0,0,79,46,0,0,39,425,0,229,0,0,70,af06486e6816a583a7ff4f58d2251c68,95.105,k_Eukaryota;p_Arthropoda;c_Insecta;o_Plecoptera;f_Perlodidae;g_Megarcys;s_Megarcys sp. WS-02-09
99,0,0,0,0,0,0,0,0,0,164,0,0,76,7bc167ffe05b98fe83c2f6e2dc54724f,95.105,k_Eukaryota;p_Arthropoda;c_Insecta;o_Plecoptera;f_Nemouridae;g_Zapada;s_Zapada sp. BIOUG26656-H07
137,0,0,0,0,0,0,0,0,0,81,0,0,0,364523d0c34b1ea7039c51c42ed36f2b,95.105,k_Eukaryota;p_Arthropoda;c_Insecta;o_Plecoptera;f_Chloroperlidae;g_Sweltsa;s_Sweltsa sp. 10BBEPT-0030
140,0,0,0,79,0,0,0,0,0,0,0,0,0,717aee3d051f497e7773f8006a3cd13b,95.105,k_Eukaryota;p_Arthropoda;c_Insecta;o_Diptera;f_Chironomidae;g_;s_Chironomidae sp. I14-32-04
194,0,0,0,0,0,0,27,0,0,0,0,0,0,96ad31be9fc3c86b385c37bf7dcf5adb,95.105,k_Eukaryota;p_Arthropoda;c_Insecta;o_Diptera;f_Chironomidae;g_Diamesa;s_Diamesa cf. aberrata ATNA450-10
50,0,0,0,0,0,0,0,0,0,0,0,574,0,0b9b8749ff1f8626ba9fe89b4eacfa82,95.07,k_Eukaryota;p_Arthropoda;c_Insecta;o_Diptera;f_Tachinidae;g_;s_Tachinidae sp. BOLD:ACE1883
124,106,0,0,0,0,0,0,0,0,0,0,0,0,09b1bbd50b15893877d0eca03a1632ec,95.035,k_Eukaryota;p_Arthropoda;c_Insecta;o_Diptera;f_Chironomidae;g_Diamesa;s_Diamesa sp. 1 MM-2015
130,0,0,0,0,0,0,0,0,0,0,0,89,0,3a25aabbc376cf7fe6692876e2a7807d,95,k_Eukaryota;p_Arthropoda;c_Insecta;o_Diptera;f_Chironomidae;g_;s_Orthocladiinae sp. BOLD-2016
167,0,0,0,0,0,0,47,0,0,0,0,0,0,1d76510c5f2eae9a9605c3b280557314,95,k_Eukaryota;p_Arthropoda;c_Insecta;o_Diptera;f_Culicidae;g_Anopheles;s_Anopheles lindesayi
78,91,0,0,0,277,0,0,0,0,0,0,0,0,2a7f13bd743ebb85a93123f9a8ef0014,94.891,k_Eukaryota;p_Arthropoda;c_Insecta;o_Diptera;f_Simuliidae;g_Simulium;s_Simulium lineatum
182,0,0,0,4,0,0,0,36,0,0,0,0,0,39a2ea5eb57b4991b9abb5ac20246a56,94.444,k_Eukaryota;p_Arthropoda;c_Insecta;o_Diptera;f_Chironomidae;g_;s_Chironomidae sp. BOLD:ACG2802
1,13441,0,96,279,5456,0,0,0,0,0,10427,29,0,53fab99c078cc851da56d4ab5359ac37,94.406,k_Eukaryota;p_Arthropoda;c_Insecta;o_Diptera;f_Chironomidae;g_Diamesa;s_Diamesa arctica
55,0,14,0,0,0,0,0,21,0,0,436,517,0,f2a20b6683eda3ff50d7d47f12547315,94.406,k_Eukaryota;p_Arthropoda;c_Insecta;o_Diptera;f_Chironomidae;g_Orthocladius;s_Orthocladius oliveri
161,0,0,0,0,52,0,0,16,7,0,0,0,0,7ac924c288331e998fc335eb32e3bfa1,94.406,k_Eukaryota;p_Arthropoda;c_Insecta;o_Diptera;f_;g_;s_Diptera sp. UAM Ento 231098
13,0,0,0,1918,0,0,0,0,0,0,1106,123,0,685ded58614e25da95eff7dbbad761e0,94.366,k_Eukaryota;p_Arthropoda;c_Insecta;o_Diptera;f_Chironomidae;g_Tokunagaia;s_Tokunagaia excellens
18,0,0,0,0,0,28,0,0,2326,0,0,0,0,d0644a5ba789ed6cd96e3c14d6d5a944,94.366,k_Eukaryota;p_Arthropoda;c_Insecta;o_Ephemeroptera;f_Baetidae;g_Baetis;s_Baetis molecularis
52,0,0,0,0,0,0,0,0,0,0,0,1062,0,6ad6344be2b28127210085e3ff8ff1f9,94.366,k_Eukaryota;p_Arthropoda;c_Insecta;o_Diptera;f_Chironomidae;g_Rheocricotopus;s_Rheocricotopus sp. BOLD:ACK3047
112,0,0,0,0,138,0,0,0,0,0,0,0,0,08b6346d74482cbe8f7dddd9b161317f,94.366,k_Eukaryota;p_Arthropoda;c_Insecta;o_Diptera;f_Empididae;g_Anthepiscopus;s_Anthepiscopus sp. BOLD-2016
196,0,0,0,0,0,0,0,0,26,0,0,0,0,774f6c1c214b4eed58ea3042cb28b616,94.366,k_Eukaryota;p_Arthropoda;c_Insecta;o_Plecoptera;f_Chloroperlidae;g_Sweltsa;s_Sweltsa sp. BOLD:AAF3559
209,0,0,0,17,0,0,0,0,0,0,0,0,0,c09b6baa4f4292c635577e17b514375f,94.366,k_Eukaryota;p_Arthropoda;c_Insecta;o_Diptera;f_Chironomidae;g_Cricotopus;s_Cricotopus sp. BOLD:AAG0996
263,0,0,0,0,0,0,0,0,0,0,0,2,0,0b78e09bc92d317d0907d2a174586ca4,94.326,k_Eukaryota;p_Arthropoda;c_Insecta;o_Diptera;f_Chironomidae;g_;s_Chironomidae sp. BIOUG23639-H07
38,670,0,0,0,135,0,0,0,14,0,87,356,90,e34530090f410c268b029eedccd4059b,94.286,k_Eukaryota;p_Arthropoda;c_Insecta;o_Diptera;f_Chironomidae;g_;s_Orthocladiinae sp. BIOUG22067-G04
53,418,0,0,0,70,0,0,0,0,0,802,0,0,a3ce109f37879260dcf059099b124acc,94.286,k_Eukaryota;p_Arthropoda;c_Insecta;o_Diptera;f_Chironomidae;g_Diamesa;s_Diamesa arctica
115,0,0,0,0,0,0,132,0,0,0,0,0,0,3e80461a25c5412194472e0acf06dff7,94.245,k_Eukaryota;p_Arthropoda;c_Insecta;o_Diptera;f_Limoniidae;g_Symplecta;s_Symplecta sp. BOLD:AAF9014
87,0,0,0,0,0,214,0,0,0,0,0,0,0,5055f303d935bd17197117928b0ab61c,94.203,k_Eukaryota;p_Arthropoda;c_Insecta;o_Plecoptera;f_Perlodidae;g_Megarcys;s_Megarcys signata complex sp. A BG-2018
198,0,0,0,0,0,22,0,0,0,0,0,0,0,b7029ad3b98d5f059041720edb83f1af,93.75,k_Eukaryota;p_Arthropoda;c_Insecta;o_Diptera;f_Chironomidae;g_;s_Chironominae sp. BOLD-2016
229,0,0,0,0,0,0,0,0,0,0,0,7,0,fdbaf9fb713c32b81ce7acecd79adb55,93.75,k_Eukaryota;p_Arthropoda;c_Insecta;o_Diptera;f_Simuliidae;g_Prosimulium;s_Prosimulium sp. BOLD-2016
110,0,140,0,0,0,0,0,0,0,0,0,0,0,1d30568702088f79a6c59c71a13e1230,93.706,k_Eukaryota;p_Arthropoda;c_Insecta;o_Diptera;f_Chironomidae;g_;s_Chironomidae sp. BOLD:ACI5524
123,0,0,0,0,0,0,0,109,0,0,0,0,0,8e3f7e8076b81acac058704a47de1100,93.706,k_Eukaryota;p_Arthropoda;c_Insecta;o_Diptera;f_Chironomidae;g_Orthocladius;s_Orthocladius sp. BIOUG22016-E01
132,0,0,0,0,0,0,0,0,0,0,0,0,86,544b9138f8659b5abd8a8a86923e6a44,93.706,k_Eukaryota;p_Arthropoda;c_Insecta;o_Diptera;f_Chironomidae;g_Limnophyes;s_Limnophyes sp. BIOUG22071-A05
169,0,0,0,0,0,0,0,0,0,0,0,0,46,ee3fe15a6722870fa752a01eb1eb0952,93.706,k_Eukaryota;p_Arthropoda;c_Insecta;o_Diptera;f_Chironomidae;g_Boreoheptagyia;s_Boreoheptagyia brevitarsis
192,0,0,0,0,0,0,0,31,0,0,0,0,0,c376d8bfc6e270d94e3553c2c4af7cc2,93.706,k_Eukaryota;p_Arthropoda;c_Insecta;o_Diptera;f_Chironomidae;g_Psectrocladius;s_Psectrocladius sp. BIOUG25572-B03
259,0,0,0,0,0,0,0,0,0,2,0,0,0,1a7343b20071a089a7c9317ca3c4dc60,93.706,k_Eukaryota;p_Arthropoda;c_Insecta;o_Diptera;f_Tipulidae;g_Tipula;s_Tipula sp. BIOUG02372-H07
185,0,0,0,0,33,0,0,0,0,0,0,0,0,147eccab07b415e1cf64c76a4cccd64e,93.662,k_Eukaryota;p_Arthropoda;c_Insecta;o_Diptera;f_Chironomidae;g_;s_Chironomidae sp. BOLD:ACG2802
245,0,0,0,0,0,0,0,0,0,0,4,0,0,f67d71839fad783de171b6db9b482b8c,93.662,k_Eukaryota;p_Arthropoda;c_Insecta;o_Diptera;f_Chironomidae;g_Pseudodiamesa;s_Pseudodiamesa sp. 20280-A2
138,0,0,0,80,0,0,0,0,0,0,0,0,0,6071b0594ec5555a7ccb2772cf2238a4,93.617,k_Eukaryota;p_Arthropoda;c_Insecta;o_Diptera;f_Pediciidae;g_Dicranota;s_Dicranota sp. CABIN4
146,0,0,0,0,0,0,0,70,0,0,0,0,0,8b5d06b1274cc3e6953555b56101f351,93.617,k_Eukaryota;p_Arthropoda;c_Insecta;o_Diptera;f_Chironomidae;g_Cricotopus;s_Cricotopus sp. BIOUG23893-G08
155,0,0,0,0,0,0,0,0,0,0,0,60,0,d6bc87ee746b23050bcce1d80c8bcbd9,93.617,k_Eukaryota;p_Arthropoda;c_Insecta;o_Diptera;f_Chironomidae;g_Cricotopus;s_Cricotopus tasmania
223,0,0,0,9,0,0,0,0,0,0,0,0,0,91d13825b1737a511ae7501985b7343d,93.617,k_Eukaryota;p_Arthropoda;c_Insecta;o_Diptera;f_Chironomidae;g_;s_Chironomidae sp. BIOUG06410-A04
207,12,0,0,0,18,0,0,0,0,0,0,0,0,5d2ebbd567496977b47ad060ac0e5a6c,93.571,k_Eukaryota;p_Arthropoda;c_Insecta;o_Diptera;f_Chironomidae;g_;s_Orthocladiinae sp. BIOUG22067-G04
238,0,4,0,0,0,0,0,0,0,0,0,0,0,e271e6fe20ebd17131f1378e7290653a,93.571,k_Eukaryota;p_Arthropoda;c_Insecta;o_Diptera;f_Chironomidae;g_;s_Chironomidae sp. BOLD:ACH2666
215,0,0,0,0,0,15,0,0,0,0,0,0,0,e2a5b7e56334a9c0d2abb1f06b6d97ec,93.431,k_Eukaryota;p_Arthropoda;c_Insecta;o_Diptera;f_Chironomidae;g_Paraphaenocladius;s_Paraphaenocladius sp. BIOUG20458-F06
243,0,0,0,0,0,0,0,0,0,4,0,0,0,d7fde22b10439f4e7f742e3595c9f8d6,93.407,k_Eukaryota;p_Arthropoda;c_Insecta;o_Lepidoptera;f_Nymphalidae;g_Acraea;s_Acraea poggei
63,402,0,0,0,197,0,0,0,0,0,0,94,0,5fcc2c544087c435cbcfef6e182a3eb8,93.056,k_Eukaryota;p_Arthropoda;c_Insecta;o_Diptera;f_Chironomidae;g_Orthocladius;s_Orthocladius sp. BOLD:AAN2567
213,0,0,0,0,0,0,0,16,0,0,4,0,0,f9bd548d62481ee0494635a9097fde09,93.056,k_Eukaryota;p_Arthropoda;c_Insecta;o_Diptera;f_Chironomidae;g_Eukiefferiella;s_Eukiefferiella sp. BOLD:AAN4988
21,0,0,437,839,0,0,0,0,0,8,819,0,31,90188b30f0591917bde86ce71ef0bc7d,93.007,k_Eukaryota;p_Arthropoda;c_Insecta;o_Diptera;f_Chironomidae;g_Pagastia;s_Pagastia tianmumontana
67,0,0,0,0,0,0,0,0,0,380,0,0,0,f04b3547113b296387ec017fbe2ca86d,93.007,k_Eukaryota;p_Arthropoda;c_Insecta;o_Diptera;f_Chironomidae;g_;s_Chironomidae sp. BOLD:ACG2978
111,10,0,102,0,0,0,0,0,0,0,38,0,0,40a579a741f8d00ea70b69d53e5c715a,93.007,k_Eukaryota;p_Arthropoda;c_Insecta;o_Diptera;f_Chironomidae;g_Bryophaenocladius;s_Bryophaenocladius subvernalis
249,0,0,0,0,0,0,0,0,3,0,0,0,0,069e5da7e0a5e7f00c0f42aa833d764a,92.958,k_Eukaryota;p_Arthropoda;c_Insecta;o_Diptera;f_Chironomidae;g_Gymnometriocnemus;s_Gymnometriocnemus sp. BOLD-2016
9,0,0,2318,0,0,0,0,1127,0,0,0,18,310,5d0657441f6968595abbeb921f6dbff9,92.857,k_Eukaryota;p_Arthropoda;c_Insecta;o_Diptera;f_Chironomidae;g_Tokunagaia;s_Tokunagaia parexcellens
14,2292,0,0,0,0,0,0,0,0,0,575,0,0,e80f02a0daa43a68b43489f5263420c3,92.857,k_Eukaryota;p_Arthropoda;c_Insecta;o_Diptera;f_Chironomidae;g_Shilovia;s_Shilovia xinhuawangi
150,0,65,0,0,0,0,0,0,0,0,0,0,0,b1152cb9d13e7be4b96350c3479e90b7,92.857,k_Eukaryota;p_Arthropoda;c_Insecta;o_Coleoptera;f_Staphylinidae;g_Eusphalerum;s_Eusphalerum sp. BOLD-2016
29,0,0,0,141,0,0,1065,0,0,0,0,0,0,a18de9ccbf1b3056e9a662916eb46bb3,92.308,k_Eukaryota;p_Arthropoda;c_Insecta;o_Diptera;f_Chironomidae;g_Gymnometriocnemus;s_Gymnometriocnemus sp. BOLD:AAM6261
180,0,0,0,0,0,0,0,0,0,0,8,30,0,619ff565c0c68a41403be4d620fe773b,92.308,k_Eukaryota;p_Arthropoda;c_Insecta;o_Diptera;f_Simuliidae;g_Prosimulium;s_Prosimulium sp. BOLD-2016
6,284,941,6593,419,0,2498,0,0,116,12,327,34,0,45d525781d945acbe508397ee3c7fbf2,92.254,k_Eukaryota;p_Arthropoda;c_Insecta;o_Diptera;f_Chironomidae;g_;s_Chironomidae sp. LA_LSLRZ4_191
200,0,0,0,0,0,0,0,0,0,22,0,0,0,f6c9a7fdb470e3c19771393fa726e2df,92.254,k_Eukaryota;p_Arthropoda;c_Insecta;o_Diptera;f_Dolichopodidae;g_;s_Dolichopodidae sp. BOLD:ACW9494
77,0,0,0,46,260,0,0,0,0,86,296,0,0,4143e5d52e95cd68529845a9bd3a3ded,92.248,k_Eukaryota;p_Arthropoda;c_Insecta;o_Diptera;f_Chironomidae;g_;s_Orthocladiinae sp. BIOUG26430-F08
172,0,0,0,0,0,0,0,0,0,0,0,0,43,23c729c3a963c7e8c25c42fb62a8594e,92.143,k_Eukaryota;p_Arthropoda;c_Insecta;o_Plecoptera;f_Nemouridae;g_Zapada;s_Zapada glacier
216,0,0,0,13,0,0,0,0,0,0,0,0,0,74f66e48f1447f60dd10e6fc2c823aba,92.143,k_Eukaryota;p_Arthropoda;c_Insecta;o_Diptera;f_;g_;s_Diptera sp. L16
230,0,0,0,0,0,6,0,0,0,0,0,0,0,b4e0315ecced347d3d3dacfbbc0bed29,92.105,k_Eukaryota;p_Arthropoda;c_Collembola;o_;f_;g_;s_Collembola sp. 018-1_Coll-14
107,0,0,148,0,0,0,0,0,0,0,0,0,0,2cbcfe368cfa062790f78c07c7e5e2dc,91.971,k_Eukaryota;p_Annelida;c_Clitellata;o_Enchytraeida;f_Enchytraeidae;g_Lumbricillus;s_Lumbricillus buelowi
98,166,0,0,0,0,0,0,0,0,0,0,32,0,e7ff5ebeea52ff58c01c0984be9bd9f1,91.667,k_Eukaryota;p_Arthropoda;c_Insecta;o_Diptera;f_Empididae;g_Clinocera;s_Clinocera nivalis
108,143,0,0,0,0,0,0,0,0,0,0,0,0,ecc60878d56744339b28a2092bdc0527,91.667,k_Eukaryota;p_Arthropoda;c_Insecta;o_Diptera;f_Culicidae;g_Anopheles;s_Anopheles peditaeniatus
116,0,0,130,0,0,0,0,0,0,0,0,0,0,d1a120a9bce00384d4df8a7c2613859e,91.667,k_Eukaryota;p_Arthropoda;c_Insecta;o_Diptera;f_Tachinidae;g_Dichocera;s_Dichocera lyrata
139,0,0,0,0,0,0,80,0,0,0,0,0,0,5dd78dc225ff9c67377983cc1dd0225f,91.608,k_Eukaryota;p_Arthropoda;c_Insecta;o_Diptera;f_Chironomidae;g_;s_Diamesinae sp. BOLD-2016
66,0,0,0,0,0,380,0,0,0,0,0,0,0,de55788f3695fc405a14a58fb0c7c505,91.603,k_Eukaryota;p_Arthropoda;c_Insecta;o_Diptera;f_Chironomidae;g_Orthocladius;s_Orthocladius sp. BOLD-2016
5,0,0,0,0,0,0,0,71,0,0,4,0,8203,705699d8e55f6bceb6d0481568dc8463,91.549,k_Eukaryota;p_Arthropoda;c_;o_;f_;g_;s_Arthropoda environmental sample
160,0,0,31,0,0,0,0,55,0,0,0,0,0,888545063080d91540d8c111e14d0b79,91.549,k_Eukaryota;p_Arthropoda;c_Insecta;o_Plecoptera;f_Perlodidae;g_Megarcys;s_Megarcys signata complex sp. A BG-2018
258,0,0,0,0,0,0,0,2,0,0,0,0,0,0183b250ffca69111f54a396731d5b10,91.2,k_Eukaryota;p_Arthropoda;c_Insecta;o_Plecoptera;f_Nemouridae;g_Zapada;s_Zapada sp. BIOUG20783-C06
145,0,0,21,0,20,4,0,0,0,0,72,0,0,50cb0eb0ad1cfbd7b4e58d828c7faf88,90.972,k_Eukaryota;p_Arthropoda;c_Insecta;o_Diptera;f_Culicidae;g_Anopheles;s_Anopheles peryassui
56,0,77,0,0,0,0,0,0,0,0,54,437,0,0f2b1345631981b41d0e8fef543f713c,90.909,k_Eukaryota;p_Arthropoda;c_Insecta;o_Diptera;f_Chironomidae;g_Ablabesmyia;s_Ablabesmyia sp. SAM17.9.4
186,0,0,0,0,0,33,0,0,0,0,0,0,0,1f0c352a4af72a29cb9f458f9ea5f83b,90.78,k_Eukaryota;p_Arthropoda;c_Insecta;o_Diptera;f_Culicidae;g_Anopheles;s_Anopheles bancroftii
27,0,0,74,0,0,0,0,0,0,0,1319,0,0,fe851746314bde16978eb6a275e30604,90.21,k_Eukaryota;p_Arthropoda;c_Insecta;o_Diptera;f_Chironomidae;g_Cricotopus;s_Cricotopus tremulus
149,0,0,0,0,0,68,0,0,0,0,0,0,0,de990a31810398bc6208f16646af87b0,89.781,k_Eukaryota;p_Arthropoda;c_Ostracoda;o_;f_;g_;s_Ostracoda sp. BIOUG09716-A01
72,0,0,0,0,0,330,0,0,0,0,0,0,0,ff79810dc4405ab43b01d3954b685360,89.583,k_Eukaryota;p_Arthropoda;c_Insecta;o_Diptera;f_Drosophilidae;g_;s_Drosophilidae sp. BOLD-2016
128,0,0,0,0,0,0,0,0,0,0,0,0,97,a01d503391a4d1fd2a359021d5ff6826,88.194,k_Eukaryota;p_Arthropoda;c_Insecta;o_Diptera;f_Chironomidae;g_Paratanytarsus;s_Paratanytarsus dissimilis
231,0,0,0,0,0,0,6,0,0,0,0,0,0,861cefda60132936a55e1c1700779373,88.194,k_Eukaryota;p_Arthropoda;c_Collembola;o_Entomobryomorpha;f_Isotomidae;g_Isotomurus;s_Isotomurus sp. 11465D08_RUMP1101
247,0,0,0,0,0,0,0,0,0,0,0,4,0,e8152c8947eefacbc9e87a971b7de404,88.189,k_Eukaryota;p_Arthropoda;c_Collembola;o_Entomobryomorpha;f_Isotomidae;g_Folsomia;s_Folsomia quadrioculata
219,0,0,0,0,4,0,0,11,0,0,0,0,0,c910976e0b0e4524b3a4b55c498bcdde,87.681,k_Eukaryota;p_Arthropoda;c_Insecta;o_Diptera;f_Chironomidae;g_Procladius;s_Procladius sp. BIOUG31809-C11
227,0,0,0,0,0,0,0,0,8,0,0,0,0,0f14eeb24ffc2047e62e03b8541c665b,87.591,k_Eukaryota;p_Arthropoda;c_Ostracoda;o_Podocopida;f_Cyprididae;g_Bennelongia;s_Bennelongia tirigie
254,0,0,0,0,2,0,0,0,0,0,0,0,0,c272e06cc53095421ccbe0bd9ba935bb,86.26,k_Eukaryota;p_Arthropoda;c_Collembola;o_Entomobryomorpha;f_Entomobryidae;g_Heteromurus;s_Heteromurus nitidus
237,4,0,0,0,0,0,0,0,0,0,0,0,0,89949be9d75d7777cd54ba2c0e47756c,86.232,k_Eukaryota;p_Arthropoda;c_Hexanauplia;o_Harpacticoida;f_Leptopontiidae;g_Leptopontia;s_Leptopontia sp. DZMB015
250,0,0,0,0,0,0,0,0,0,0,0,3,0,593cae44d56dc1722c196aef26eb398a,86.111,k_Eukaryota;p_Arthropoda;c_Hexanauplia;o_Harpacticoida;f_Canthocamptidae;g_Elaphoidella;s_Elaphoidella gracilis
224,0,0,0,0,0,9,0,0,0,0,0,0,0,43b4a51b4ff488125cf7a431ea5a36dd,85.714,k_Eukaryota;p_Arthropoda;c_Ostracoda;o_Podocopida;f_Cyprididae;g_Bennelongia;s_Bennelongia kimberleyensis
148,0,0,0,0,68,0,0,0,0,0,0,0,0,6eafec499aa86f76ac5a1d3588f56f03,85.294,k_Eukaryota;p_Arthropoda;c_Insecta;o_Plecoptera;f_Nemouridae;g_Paranemoura;s_Paranemoura perfecta
208,0,0,0,0,0,18,0,0,0,0,0,0,0,20de61070a6f1ce022a817413291a9a0,85.211,k_Eukaryota;p_Arthropoda;c_Hexanauplia;o_Harpacticoida;f_Canthocamptidae;g_Attheyella;s_Attheyella crassa