"","Stream","Year","taxa_lwr","density_xbar","abundance_total","source","stream_code","full_name"
"1","cloudveil",2019,"chironomidae",11,1,"glacier","CV","Cloudveil"
"2","cloudveil",2019,"lednia",36.3333333333333,10,"glacier","CV","Cloudveil"
"3","cloudveil",2019,"baetis",11,1,"glacier","CV","Cloudveil"
"4","cloudveil",2019,"non-tanypodinae",265.5,148,"glacier","CV","Cloudveil"
"5","cloudveil",2019,"oligochaeta",11,1,"glacier","CV","Cloudveil"
"6","cloudveil",2020,"chironomidae",11,1,"glacier","CV","Cloudveil"
"7","cloudveil",2020,"dicranota",11,1,"glacier","CV","Cloudveil"
"8","cloudveil",2020,"homophylax",11,1,"glacier","CV","Cloudveil"
"9","cloudveil",2020,"non-tanypodinae",448.5,250,"glacier","CV","Cloudveil"
"10","cloudveil",2020,"lednia",30,11,"glacier","CV","Cloudveil"
"11","cloudveil",2021,"chironomidae",43.05705059,4,"glacier","CV","Cloudveil"
"12","cloudveil",2021,"lednia",78.9379260833333,44,"glacier","CV","Cloudveil"
"13","cloudveil",2021,"oligochaeta",37.674919275,14,"glacier","CV","Cloudveil"
"14","cloudveil",2021,"plecoptera",16.146393975,3,"glacier","CV","Cloudveil"
"15","cloudveil",2021,"megarcys",10.76426265,1,"glacier","CV","Cloudveil"
"16","cloudveil",2021,"non-tanypodinae",1361.679225,759,"glacier","CV","Cloudveil"
"17","cloudveil",2021,"allomyia",10.76426265,1,"glacier","CV","Cloudveil"
"18","cloudveil",2021,"trichoptera",10.76426265,1,"glacier","CV","Cloudveil"
"19","cloudveil",2022,"lednia",159.666666666667,89,"glacier","CV","Cloudveil"
"20","cloudveil",2022,"plecoptera",29,8,"glacier","CV","Cloudveil"
"21","cloudveil",2022,"prosimulium",11,3,"glacier","CV","Cloudveil"
"22","cloudveil",2022,"non-tanypodinae",2856,1592,"glacier","CV","Cloudveil"
"23","cloudveil",2022,"oligochaeta",11,1,"glacier","CV","Cloudveil"
"24","cloudveil",2022,"baetis 2",11,1,"glacier","CV","Cloudveil"
"25","cloudveil",2022,"rhyacophila alberta",11,1,"glacier","CV","Cloudveil"
"26","cloudveil",2022,"homophylax",11,1,"glacier","CV","Cloudveil"
"27","cloudveil",2022,"dicranota",11,1,"glacier","CV","Cloudveil"
"28","cloudveil",2022,"clinocera",11,1,"glacier","CV","Cloudveil"
"29","cloudveil",2022,"zapada",32.5,6,"glacier","CV","Cloudveil"
"30","cloudveil",2022,"chironomidae",75.5,28,"glacier","CV","Cloudveil"
"31","cloudveil",2022,"collembola",16.5,3,"glacier","CV","Cloudveil"
"32","delta",2017,"suwallia",11,1,"glacier","DE","Delta"
"33","delta",2017,"zapada",165.8,77,"glacier","DE","Delta"
"34","delta",2017,"turbellaria",36,10,"glacier","DE","Delta"
"35","delta",2017,"staphylinidae",22,2,"glacier","DE","Delta"
"36","delta",2017,"acari",11,1,"glacier","DE","Delta"
"37","delta",2017,"megarcys",16.5,3,"glacier","DE","Delta"
"38","delta",2017,"non-tanypodinae",3507.16666666667,1955,"glacier","DE","Delta"
"39","delta",2017,"oligochaeta",79,22,"glacier","DE","Delta"
"40","delta",2017,"prosimulium",16.5,3,"glacier","DE","Delta"
"41","delta",2017,"rhyacophila",22,2,"glacier","DE","Delta"
"42","delta",2017,"baetis",11,1,"glacier","DE","Delta"
"43","delta",2017,"chironomidae",22,2,"glacier","DE","Delta"
"44","delta",2017,"collembola",11,1,"glacier","DE","Delta"
"45","delta",2017,"lednia",23.8,11,"glacier","DE","Delta"
"46","delta",2018,"acari",60.25,23,"glacier","DE","Delta"
"47","delta",2018,"baetis",18,7,"glacier","DE","Delta"
"48","delta",2018,"chironomidae",53,23,"glacier","DE","Delta"
"49","delta",2018,"dicranota",11,3,"glacier","DE","Delta"
"50","delta",2018,"lednia",21.5,4,"glacier","DE","Delta"
"51","delta",2018,"megarcys",47,13,"glacier","DE","Delta"
"52","delta",2018,"oligochaeta",303.6,195,"glacier","DE","Delta"
"53","delta",2018,"rhyacophila",11,1,"glacier","DE","Delta"
"54","delta",2018,"staphylinidae",11,1,"glacier","DE","Delta"
"55","delta",2018,"sweltsa",9,3,"glacier","DE","Delta"
"56","delta",2018,"turbellaria",40.4,22,"glacier","DE","Delta"
"57","delta",2018,"zapada",655,379,"glacier","DE","Delta"
"58","delta",2018,"prosimulium",21.5,4,"glacier","DE","Delta"
"59","delta",2018,"non-tanypodinae",4644.83333333333,2843,"glacier","DE","Delta"
"60","delta",2019,"agathon",11,1,"glacier","DE","Delta"
"61","delta",2019,"baetis",43,4,"glacier","DE","Delta"
"62","delta",2019,"chironomidae",32.5,18,"glacier","DE","Delta"
"63","delta",2019,"helodon",27,5,"glacier","DE","Delta"
"64","delta",2019,"hirudinea",11,1,"glacier","DE","Delta"
"65","delta",2019,"lednia",11,2,"glacier","DE","Delta"
"66","delta",2019,"limonia",11,1,"glacier","DE","Delta"
"67","delta",2019,"non-tanypodinae",1878.33333333333,1047,"glacier","DE","Delta"
"68","delta",2019,"oligochaeta",43,8,"glacier","DE","Delta"
"69","delta",2019,"prosimulium",11,1,"glacier","DE","Delta"
"70","delta",2019,"rhyacophila brunnea  vemna group",11,1,"glacier","DE","Delta"
"71","delta",2019,"tanypodinae",28.6666666666667,8,"glacier","DE","Delta"
"72","delta",2019,"zapada",34.6,16,"glacier","DE","Delta"
"73","delta",2019,"megarcys",11,3,"glacier","DE","Delta"
"74","delta",2020,"rhyacophila verrula",11,1,"glacier","DE","Delta"
"75","delta",2020,"rhyacophila coloradensis",11,4,"glacier","DE","Delta"
"76","delta",2020,"zapada",36,10,"glacier","DE","Delta"
"77","delta",2020,"chironomidae",18,5,"glacier","DE","Delta"
"78","delta",2020,"non-tanypodinae",1849.66666666667,1031,"glacier","DE","Delta"
"79","delta",2020,"oligochaeta",43,4,"glacier","DE","Delta"
"80","delta",2020,"rhyacophila alberta",11,1,"glacier","DE","Delta"
"81","delta",2021,"agathon",10.76426265,1,"glacier","DE","Delta"
"82","delta",2021,"baetis",16.146393975,3,"glacier","DE","Delta"
"83","delta",2021,"chironomidae",181.198421241667,101,"glacier","DE","Delta"
"84","delta",2021,"homophylax",10.76426265,1,"glacier","DE","Delta"
"85","delta",2021,"lednia",34.983853605,13,"glacier","DE","Delta"
"86","delta",2021,"megarcys",37.67491927,7,"glacier","DE","Delta"
"87","delta",2021,"nematoda",10.76426265,1,"glacier","DE","Delta"
"88","delta",2021,"non-tanypodinae",4106.56620033333,2289,"glacier","DE","Delta"
"89","delta",2021,"oligochaeta",673.842841746,313,"glacier","DE","Delta"
"90","delta",2021,"prosimulium",10.76426265,2,"glacier","DE","Delta"
"91","delta",2021,"rhyacophila alberta",10.76426265,1,"glacier","DE","Delta"
"92","delta",2021,"rhyacophila brunnea/vemna",21.5285253,2,"glacier","DE","Delta"
"93","delta",2021,"zapada",71.76175099,40,"glacier","DE","Delta"
"94","delta",2022,"chironomidae",59.25,22,"glacier","DE","Delta"
"95","delta",2022,"collembola",11,2,"glacier","DE","Delta"
"96","delta",2022,"dicranota",11,1,"glacier","DE","Delta"
"97","delta",2022,"lednia",11,1,"glacier","DE","Delta"
"98","delta",2022,"baetis",16.25,6,"glacier","DE","Delta"
"99","delta",2022,"megarcys",43,8,"glacier","DE","Delta"
"100","delta",2022,"non-tanypodinae",3733.5,2081,"glacier","DE","Delta"
"101","delta",2022,"oligochaeta",369.666666666667,206,"glacier","DE","Delta"
"102","delta",2022,"prosimulium",11,2,"glacier","DE","Delta"
"103","delta",2022,"staphylinidae",11,1,"glacier","DE","Delta"
"104","delta",2022,"zapada",27,5,"glacier","DE","Delta"
"105","grizzly",2017,"acari",32,3,"snowmelt","GR","Grizzly"
"106","grizzly",2017,"allomyia",11,1,"snowmelt","GR","Grizzly"
"107","grizzly",2017,"clinocera",11,1,"snowmelt","GR","Grizzly"
"108","grizzly",2017,"collembola",48.5,9,"snowmelt","GR","Grizzly"
"109","grizzly",2017,"dicranota",11,1,"snowmelt","GR","Grizzly"
"110","grizzly",2017,"homophylax",65,12,"snowmelt","GR","Grizzly"
"111","grizzly",2017,"non-tanypodinae",77.6,36,"snowmelt","GR","Grizzly"
"112","grizzly",2017,"oligochaeta",18,5,"snowmelt","GR","Grizzly"
"113","grizzly",2017,"prosimulium",102.333333333333,57,"snowmelt","GR","Grizzly"
"114","grizzly",2017,"turbellaria",82.5,46,"snowmelt","GR","Grizzly"
"115","grizzly",2018,"turbellaria",323.25,120,"snowmelt","GR","Grizzly"
"116","grizzly",2018,"collembola",11,2,"snowmelt","GR","Grizzly"
"117","grizzly",2018,"non-tanypodinae",767.833333333333,428,"snowmelt","GR","Grizzly"
"118","grizzly",2018,"oligochaeta",258.4,120,"snowmelt","GR","Grizzly"
"119","grizzly",2018,"acari",43,8,"snowmelt","GR","Grizzly"
"120","grizzly",2018,"prosimulium",294,164,"snowmelt","GR","Grizzly"
"121","grizzly",2019,"clinocera",11,2,"snowmelt","GR","Grizzly"
"122","grizzly",2019,"allomyia",11,1,"snowmelt","GR","Grizzly"
"123","grizzly",2019,"chironomidae",16.5,3,"snowmelt","GR","Grizzly"
"124","grizzly",2019,"dicranota",11,3,"snowmelt","GR","Grizzly"
"125","grizzly",2019,"helodon",1509,701,"snowmelt","GR","Grizzly"
"126","grizzly",2019,"homophylax",11,3,"snowmelt","GR","Grizzly"
"127","grizzly",2019,"non-tanypodinae",263.833333333333,147,"snowmelt","GR","Grizzly"
"128","grizzly",2019,"prosimulium",202.4,94,"snowmelt","GR","Grizzly"
"129","grizzly",2019,"simuliidae (unknown)",40.25,15,"snowmelt","GR","Grizzly"
"130","grizzly",2019,"trichoptera homophylax or allomyia",11,1,"snowmelt","GR","Grizzly"
"131","grizzly",2019,"oligochaeta",57.3333333333333,16,"snowmelt","GR","Grizzly"
"132","grizzly",2020,"helodon",64.6,30,"snowmelt","GR","Grizzly"
"133","grizzly",2020,"homophylax",21.5,4,"snowmelt","GR","Grizzly"
"134","grizzly",2020,"megarcys",11,1,"snowmelt","GR","Grizzly"
"135","grizzly",2020,"nematoda",11,1,"snowmelt","GR","Grizzly"
"136","grizzly",2020,"acari",11,1,"snowmelt","GR","Grizzly"
"137","grizzly",2020,"chironomidae",34.6,16,"snowmelt","GR","Grizzly"
"138","grizzly",2020,"non-tanypodinae",2762.66666666667,1540,"snowmelt","GR","Grizzly"
"139","grizzly",2020,"oligochaeta",199,37,"snowmelt","GR","Grizzly"
"140","grizzly",2020,"prosimulium",314.166666666667,175,"snowmelt","GR","Grizzly"
"141","grizzly",2020,"simuliidae",11,1,"snowmelt","GR","Grizzly"
"142","grizzly",2020,"sphaeridiinae",11,1,"snowmelt","GR","Grizzly"
"143","grizzly",2021,"oligochaeta",43.05705059,4,"snowmelt","GR","Grizzly"
"144","grizzly",2021,"prosimulium",64.585575886,30,"snowmelt","GR","Grizzly"
"145","grizzly",2021,"psychoglypha",21.5285252966667,6,"snowmelt","GR","Grizzly"
"146","grizzly",2021,"simuliidae",111.23071403,62,"snowmelt","GR","Grizzly"
"147","grizzly",2021,"acari",10.76426265,1,"snowmelt","GR","Grizzly"
"148","grizzly",2021,"homophylax",10.76426265,1,"snowmelt","GR","Grizzly"
"149","grizzly",2021,"nematoda",10.76426265,1,"snowmelt","GR","Grizzly"
"150","grizzly",2021,"non-tanypodinae",213.491209181667,119,"snowmelt","GR","Grizzly"
"151","grizzly",2022,"staphylinidae",11,1,"snowmelt","GR","Grizzly"
"152","grizzly",2022,"oligochaeta",13.75,5,"snowmelt","GR","Grizzly"
"153","grizzly",2022,"ostracoda",11,1,"snowmelt","GR","Grizzly"
"154","grizzly",2022,"prosimulium",22,4,"snowmelt","GR","Grizzly"
"155","grizzly",2022,"rhyacophila alberta",71.6666666666667,20,"snowmelt","GR","Grizzly"
"156","grizzly",2022,"simuliidae",22,6,"snowmelt","GR","Grizzly"
"157","grizzly",2022,"chironomidae",27,10,"snowmelt","GR","Grizzly"
"158","grizzly",2022,"acari",80.5,15,"snowmelt","GR","Grizzly"
"159","grizzly",2022,"dicranota",11,1,"snowmelt","GR","Grizzly"
"160","grizzly",2022,"non-tanypodinae",409.166666666667,228,"snowmelt","GR","Grizzly"
"161","grizzly",2022,"diptera",11,1,"snowmelt","GR","Grizzly"
"162","grizzly",2022,"collembola",36,10,"snowmelt","GR","Grizzly"
"163","gusher",2020,"agathon",11,1,"sub_ice","GU","Gusher"
"164","gusher",2020,"allomyia",11,1,"sub_ice","GU","Gusher"
"165","gusher",2020,"acari",11,1,"sub_ice","GU","Gusher"
"166","gusher",2020,"baetis",11,1,"sub_ice","GU","Gusher"
"167","gusher",2020,"chironomidae",79,44,"sub_ice","GU","Gusher"
"168","gusher",2020,"non-tanypodinae",1433.5,799,"sub_ice","GU","Gusher"
"169","gusher",2020,"oligochaeta",22,2,"sub_ice","GU","Gusher"
"170","gusher",2020,"prosimulium",29.75,11,"sub_ice","GU","Gusher"
"171","gusher",2020,"clinocera",11,1,"sub_ice","GU","Gusher"
"172","gusher",2020,"zapada",653.166666666667,364,"sub_ice","GU","Gusher"
"173","gusher",2020,"rhyacophila brunnea/vemna",11,1,"sub_ice","GU","Gusher"
"174","gusher",2020,"dicranota",11,1,"sub_ice","GU","Gusher"
"175","gusher",2020,"heterocloeon",18.3333333333333,5,"sub_ice","GU","Gusher"
"176","gusher",2020,"megarcys",23.8,11,"sub_ice","GU","Gusher"
"177","gusher",2020,"lednia",62.6666666666667,35,"sub_ice","GU","Gusher"
"178","gusher",2021,"allomyia",16.146393975,3,"sub_ice","GU","Gusher"
"179","gusher",2021,"baetis",17.9404377466667,5,"sub_ice","GU","Gusher"
"180","gusher",2021,"chironomidae",25.834230356,12,"sub_ice","GU","Gusher"
"181","gusher",2021,"baetis 2",32.292787945,12,"sub_ice","GU","Gusher"
"182","gusher",2021,"non-tanypodinae",1284.53534268333,716,"sub_ice","GU","Gusher"
"183","gusher",2021,"prosimulium",43.05705059,16,"sub_ice","GU","Gusher"
"184","gusher",2021,"simuliidae",16.146393975,3,"sub_ice","GU","Gusher"
"185","gusher",2021,"trichoptera",10.76426265,2,"sub_ice","GU","Gusher"
"186","gusher",2021,"zapada",450.30498741,251,"sub_ice","GU","Gusher"
"187","gusher",2021,"homophylax",10.76426265,1,"sub_ice","GU","Gusher"
"188","gusher",2021,"lednia",69.96770721,26,"sub_ice","GU","Gusher"
"189","gusher",2021,"megarcys",82.52601363,23,"sub_ice","GU","Gusher"
"190","gusher",2021,"neothremma",10.76426265,1,"sub_ice","GU","Gusher"
"191","gusher",2022,"oligochaeta",32,3,"sub_ice","GU","Gusher"
"192","gusher",2022,"rhyacophila atrata complex",11,2,"sub_ice","GU","Gusher"
"193","gusher",2022,"rhyacophila blarina",32,3,"sub_ice","GU","Gusher"
"194","gusher",2022,"prosimulium",93.3333333333333,26,"sub_ice","GU","Gusher"
"195","gusher",2022,"acari",25.3333333333333,7,"sub_ice","GU","Gusher"
"196","gusher",2022,"allomyia",25.8,12,"sub_ice","GU","Gusher"
"197","gusher",2022,"baetis",32.3333333333333,9,"sub_ice","GU","Gusher"
"198","gusher",2022,"baetis 2",67.25,25,"sub_ice","GU","Gusher"
"199","gusher",2022,"lednia",149,83,"sub_ice","GU","Gusher"
"200","gusher",2022,"megarcys",46.6666666666667,13,"sub_ice","GU","Gusher"
"201","gusher",2022,"neothremma",11,1,"sub_ice","GU","Gusher"
"202","gusher",2022,"non-tanypodinae",3003.16666666667,1674,"sub_ice","GU","Gusher"
"203","gusher",2022,"rhyacophila brunnea",11,3,"sub_ice","GU","Gusher"
"204","gusher",2022,"rhyacophila vetina",11,1,"sub_ice","GU","Gusher"
"205","gusher",2022,"simuliidae",11,1,"sub_ice","GU","Gusher"
"206","gusher",2022,"zapada",337.333333333333,188,"sub_ice","GU","Gusher"
"207","gusher",2022,"homophylax",11,1,"sub_ice","GU","Gusher"
"208","gusher",2022,"chironomidae",305.8,142,"sub_ice","GU","Gusher"
"209","gusher",2022,"clinocera",97,18,"sub_ice","GU","Gusher"
"210","gusher",2022,"dicranota",14.6666666666667,4,"sub_ice","GU","Gusher"
"211","mid_teton",2015,"allomyia",1,1,"glacier","MT","Middle Teton"
"212","mid_teton",2015,"baetidae",3.5,1,"glacier","MT","Middle Teton"
"213","mid_teton",2015,"chironomidae",44,20,"glacier","MT","Middle Teton"
"214","mid_teton",2015,"clinocera",2.75,4,"glacier","MT","Middle Teton"
"215","mid_teton",2015,"collembola",1,1,"glacier","MT","Middle Teton"
"216","mid_teton",2015,"dicranota",1,2,"glacier","MT","Middle Teton"
"217","mid_teton",2015,"helodon",121,95,"glacier","MT","Middle Teton"
"218","mid_teton",2015,"lednia",1,1,"glacier","MT","Middle Teton"
"219","mid_teton",2015,"non-tanypodinae",5376.25,2578,"glacier","MT","Middle Teton"
"220","mid_teton",2015,"perlodidae",2.25,1,"glacier","MT","Middle Teton"
"221","mid_teton",2015,"rhyacophila",0.5,1,"glacier","MT","Middle Teton"
"222","mid_teton",2016,"helodon",129,29,"glacier","MT","Middle Teton"
"223","mid_teton",2016,"homophylax",1,1,"glacier","MT","Middle Teton"
"224","mid_teton",2016,"non-tanypodinae",1916,996,"glacier","MT","Middle Teton"
"225","mid_teton",2016,"prosimulium",2,2,"glacier","MT","Middle Teton"
"226","mid_teton",2016,"rhyacophila",1,1,"glacier","MT","Middle Teton"
"227","mid_teton",2016,"oligochaeta",106.5,15,"glacier","MT","Middle Teton"
"228","mid_teton",2016,"chironomidae",8.5,1,"glacier","MT","Middle Teton"
"229","mid_teton",2016,"clinocera",20,5,"glacier","MT","Middle Teton"
"230","mid_teton",2016,"collembola",60.5,7,"glacier","MT","Middle Teton"
"231","mid_teton",2016,"dicranota",1,1,"glacier","MT","Middle Teton"
"232","mid_teton",2017,"acari",11,1,"glacier","MT","Middle Teton"
"233","mid_teton",2017,"chironomidae",11,2,"glacier","MT","Middle Teton"
"234","mid_teton",2017,"clinocera",11,1,"glacier","MT","Middle Teton"
"235","mid_teton",2017,"dicranota",22,2,"glacier","MT","Middle Teton"
"236","mid_teton",2017,"helodon",34.3333333333333,19,"glacier","MT","Middle Teton"
"237","mid_teton",2017,"non-tanypodinae",811,452,"glacier","MT","Middle Teton"
"238","mid_teton",2017,"oligochaeta",11,3,"glacier","MT","Middle Teton"
"239","mid_teton",2018,"helodon",21.6666666666667,6,"glacier","MT","Middle Teton"
"240","mid_teton",2018,"lednia",11,1,"glacier","MT","Middle Teton"
"241","mid_teton",2018,"non-tanypodinae",1563,726,"glacier","MT","Middle Teton"
"242","mid_teton",2018,"oligochaeta",11,1,"glacier","MT","Middle Teton"
"243","mid_teton",2018,"prosimulium",22,2,"glacier","MT","Middle Teton"
"244","mid_teton",2018,"rhyacophila",11,1,"glacier","MT","Middle Teton"
"245","mid_teton",2018,"staphylinidae",11,1,"glacier","MT","Middle Teton"
"246","mid_teton",2018,"allomyia",11,1,"glacier","MT","Middle Teton"
"247","mid_teton",2018,"chironomidae",22,4,"glacier","MT","Middle Teton"
"248","mid_teton",2018,"clinocera",11,3,"glacier","MT","Middle Teton"
"249","mid_teton",2018,"collembola",11,1,"glacier","MT","Middle Teton"
"250","mid_teton",2019,"clinocera",11,1,"glacier","MT","Middle Teton"
"251","mid_teton",2019,"collembola",11,1,"glacier","MT","Middle Teton"
"252","mid_teton",2019,"non-tanypodinae",1399.5,780,"glacier","MT","Middle Teton"
"253","mid_teton",2019,"oligochaeta",32.5,6,"glacier","MT","Middle Teton"
"254","mid_teton",2019,"stenelmis",11,1,"glacier","MT","Middle Teton"
"255","mid_teton",2019,"twinnia",11,1,"glacier","MT","Middle Teton"
"256","mid_teton",2020,"chironomidae",19,7,"glacier","MT","Middle Teton"
"257","mid_teton",2020,"clinocera",21.5,4,"glacier","MT","Middle Teton"
"258","mid_teton",2020,"non-tanypodinae",1948.33333333333,1086,"glacier","MT","Middle Teton"
"259","mid_teton",2020,"oligochaeta",22,2,"glacier","MT","Middle Teton"
"260","mid_teton",2021,"carabidae",10.76426265,1,"glacier","MT","Middle Teton"
"261","mid_teton",2021,"chironomidae",50.23322569,14,"glacier","MT","Middle Teton"
"262","mid_teton",2021,"dicranota",10.76426265,1,"glacier","MT","Middle Teton"
"263","mid_teton",2021,"hemiptera",10.76426265,2,"glacier","MT","Middle Teton"
"264","mid_teton",2021,"lednia",10.76426265,1,"glacier","MT","Middle Teton"
"265","mid_teton",2021,"non-tanypodinae",4659.13168283333,2597,"glacier","MT","Middle Teton"
"266","mid_teton",2021,"oligochaeta",14.3523502,4,"glacier","MT","Middle Teton"
"267","mid_teton",2022,"non-tanypodinae",2678.5,1493,"glacier","MT","Middle Teton"
"268","mid_teton",2022,"oligochaeta",21.5,4,"glacier","MT","Middle Teton"
"269","mid_teton",2022,"prosimulium",19.8333333333333,11,"glacier","MT","Middle Teton"
"270","mid_teton",2022,"acari",11,1,"glacier","MT","Middle Teton"
"271","mid_teton",2022,"chironomidae",32.3333333333333,9,"glacier","MT","Middle Teton"
"272","mid_teton",2022,"clinocera",11,1,"glacier","MT","Middle Teton"
"273","mid_teton",2022,"collembola",21.6666666666667,6,"glacier","MT","Middle Teton"
"274","mid_teton",2022,"dicranota",11,1,"glacier","MT","Middle Teton"
"275","mid_teton",2022,"lednia",11,1,"glacier","MT","Middle Teton"
"276","mid_teton",2022,"limnephilidae",11,1,"glacier","MT","Middle Teton"
"277","n_teton",2015,"acari",21.5,3,"snowmelt","NT","North Teton"
"278","n_teton",2015,"allomyia",5,3,"snowmelt","NT","North Teton"
"279","n_teton",2015,"baetidae",72,5,"snowmelt","NT","North Teton"
"280","n_teton",2015,"chironomidae",48.25,14,"snowmelt","NT","North Teton"
"281","n_teton",2015,"collembola",14,1,"snowmelt","NT","North Teton"
"282","n_teton",2015,"alloperla",57.5,8,"snowmelt","NT","North Teton"
"283","n_teton",2015,"megarcys",45.6666666666667,14,"snowmelt","NT","North Teton"
"284","n_teton",2015,"neothremma",790,166,"snowmelt","NT","North Teton"
"285","n_teton",2015,"non-tanypodinae",642,220,"snowmelt","NT","North Teton"
"286","n_teton",2015,"oligochaeta",14,1,"snowmelt","NT","North Teton"
"287","n_teton",2015,"oreogeton",43,3,"snowmelt","NT","North Teton"
"288","n_teton",2015,"ostracoda",72,5,"snowmelt","NT","North Teton"
"289","n_teton",2015,"prosimulium",107.5,39,"snowmelt","NT","North Teton"
"290","n_teton",2015,"rhyacophila",40,38,"snowmelt","NT","North Teton"
"291","n_teton",2015,"dicranota",7,1,"snowmelt","NT","North Teton"
"292","n_teton",2015,"elmidae",14,1,"snowmelt","NT","North Teton"
"293","n_teton",2015,"epeorus",14,1,"snowmelt","NT","North Teton"
"294","n_teton",2015,"leuctridae",35.5,5,"snowmelt","NT","North Teton"
"295","n_teton",2015,"limnephilidae",5,3,"snowmelt","NT","North Teton"
"296","n_teton",2015,"simuliidae",14,1,"snowmelt","NT","North Teton"
"297","n_teton",2015,"trichoptera",14,1,"snowmelt","NT","North Teton"
"298","n_teton",2015,"turbellaria",229.666666666667,48,"snowmelt","NT","North Teton"
"299","n_teton",2015,"zapada",105,75,"snowmelt","NT","North Teton"
"300","n_teton",2016,"allomyia",9,4,"snowmelt","NT","North Teton"
"301","n_teton",2016,"chironomidae",138,70,"snowmelt","NT","North Teton"
"302","n_teton",2016,"dicranota",14,10,"snowmelt","NT","North Teton"
"303","n_teton",2016,"acari",7,2,"snowmelt","NT","North Teton"
"304","n_teton",2016,"megarcys",7.5,14,"snowmelt","NT","North Teton"
"305","n_teton",2016,"non-tanypodinae",3383,1224,"snowmelt","NT","North Teton"
"306","n_teton",2016,"oreogeton",7,2,"snowmelt","NT","North Teton"
"307","n_teton",2016,"pentacora",1,1,"snowmelt","NT","North Teton"
"308","n_teton",2016,"psychoglypha",5.5,6,"snowmelt","NT","North Teton"
"309","n_teton",2016,"rhyacophila",3.5,4,"snowmelt","NT","North Teton"
"310","n_teton",2016,"simuliidae",6,4,"snowmelt","NT","North Teton"
"311","n_teton",2016,"turbellaria",21.5,9,"snowmelt","NT","North Teton"
"312","n_teton",2016,"helodon",49.5,28,"snowmelt","NT","North Teton"
"313","n_teton",2017,"acari",21.5,4,"snowmelt","NT","North Teton"
"314","n_teton",2017,"helodon",22,2,"snowmelt","NT","North Teton"
"315","n_teton",2017,"homophylax",22,4,"snowmelt","NT","North Teton"
"316","n_teton",2017,"hydrophilidae",11,1,"snowmelt","NT","North Teton"
"317","n_teton",2017,"megarcys",89.6666666666667,50,"snowmelt","NT","North Teton"
"318","n_teton",2017,"non-tanypodinae",46.6666666666667,26,"snowmelt","NT","North Teton"
"319","n_teton",2017,"prosimulium",161.5,90,"snowmelt","NT","North Teton"
"320","n_teton",2017,"rhyacophila",21.5,8,"snowmelt","NT","North Teton"
"321","n_teton",2017,"turbellaria",22,2,"snowmelt","NT","North Teton"
"322","n_teton",2017,"twinnia",15.2,7,"snowmelt","NT","North Teton"
"323","n_teton",2018,"acari",22,2,"snowmelt","NT","North Teton"
"324","n_teton",2018,"collembola",11,1,"snowmelt","NT","North Teton"
"325","n_teton",2018,"limonia",11,1,"snowmelt","NT","North Teton"
"326","n_teton",2018,"megarcys",18,5,"snowmelt","NT","North Teton"
"327","n_teton",2018,"non-tanypodinae",154,43,"snowmelt","NT","North Teton"
"328","n_teton",2018,"prosimulium",416.333333333333,116,"snowmelt","NT","North Teton"
"329","n_teton",2018,"rhyacophila",11,2,"snowmelt","NT","North Teton"
"330","n_teton",2019,"molophilus",11,2,"snowmelt","NT","North Teton"
"331","n_teton",2019,"non-tanypodinae",103.4,48,"snowmelt","NT","North Teton"
"332","n_teton",2019,"oligochaeta",11,1,"snowmelt","NT","North Teton"
"333","n_teton",2019,"prosimulium",43.1666666666667,24,"snowmelt","NT","North Teton"
"334","n_teton",2019,"rhyacophila",11,1,"snowmelt","NT","North Teton"
"335","n_teton",2019,"rhyacophila alberta",11,1,"snowmelt","NT","North Teton"
"336","n_teton",2019,"suwallia",29.75,11,"snowmelt","NT","North Teton"
"337","n_teton",2019,"allomyia",11,1,"snowmelt","NT","North Teton"
"338","n_teton",2019,"chironomidae",11,3,"snowmelt","NT","North Teton"
"339","n_teton",2019,"dicranota",13.2,6,"snowmelt","NT","North Teton"
"340","n_teton",2019,"helodon",81,30,"snowmelt","NT","North Teton"
"341","n_teton",2019,"homophylax",11,3,"snowmelt","NT","North Teton"
"342","n_teton",2020,"chironomidae",11,1,"snowmelt","NT","North Teton"
"343","n_teton",2020,"dicranota",11,1,"snowmelt","NT","North Teton"
"344","n_teton",2020,"megarcys",16.5,3,"snowmelt","NT","North Teton"
"345","n_teton",2020,"non-tanypodinae",326.166666666667,182,"snowmelt","NT","North Teton"
"346","n_teton",2020,"prosimulium",24.5,9,"snowmelt","NT","North Teton"
"347","n_teton",2020,"rhyacophila coloradensis",11,1,"snowmelt","NT","North Teton"
"348","n_teton",2020,"zapada",11,1,"snowmelt","NT","North Teton"
"349","n_teton",2021,"acari",10.76426265,1,"snowmelt","NT","North Teton"
"350","n_teton",2021,"chironomidae",10.76426265,1,"snowmelt","NT","North Teton"
"351","n_teton",2021,"dicranota",16.146393975,3,"snowmelt","NT","North Teton"
"352","n_teton",2021,"hemiptera",17.22282024,8,"snowmelt","NT","North Teton"
"353","n_teton",2021,"homophylax",10.76426265,1,"snowmelt","NT","North Teton"
"354","n_teton",2021,"megarcys",26.9106566225,10,"snowmelt","NT","North Teton"
"355","n_teton",2021,"non-tanypodinae",2086.47290998167,1163,"snowmelt","NT","North Teton"
"356","n_teton",2021,"oligochaeta",21.5285253,2,"snowmelt","NT","North Teton"
"357","n_teton",2021,"plecoptera",10.76426265,1,"snowmelt","NT","North Teton"
"358","n_teton",2021,"prosimulium",21.528525295,4,"snowmelt","NT","North Teton"
"359","n_teton",2021,"rhyacophila alberta",43.05705059,4,"snowmelt","NT","North Teton"
"360","n_teton",2021,"simuliidae",21.5285253,2,"snowmelt","NT","North Teton"
"361","n_teton",2022,"non-tanypodinae",792.833333333333,442,"snowmelt","NT","North Teton"
"362","n_teton",2022,"oligochaeta",36.3333333333333,10,"snowmelt","NT","North Teton"
"363","n_teton",2022,"prosimulium",53.5,10,"snowmelt","NT","North Teton"
"364","n_teton",2022,"rhyacophila alberta",11,2,"snowmelt","NT","North Teton"
"365","n_teton",2022,"rhyacophila verrula",11,1,"snowmelt","NT","North Teton"
"366","n_teton",2022,"rhyacophila vetina",11,1,"snowmelt","NT","North Teton"
"367","n_teton",2022,"trichoptera",11,1,"snowmelt","NT","North Teton"
"368","n_teton",2022,"acari",36,10,"snowmelt","NT","North Teton"
"369","n_teton",2022,"allomyia",11,1,"snowmelt","NT","North Teton"
"370","n_teton",2022,"chironomidae",34.3333333333333,19,"snowmelt","NT","North Teton"
"371","n_teton",2022,"dicranota",27,5,"snowmelt","NT","North Teton"
"372","n_teton",2022,"hemiptera",54,5,"snowmelt","NT","North Teton"
"373","n_teton",2022,"megarcys",24.5,9,"snowmelt","NT","North Teton"
"374","n_teton",2022,"collembola",18.3333333333333,5,"snowmelt","NT","North Teton"
"375","n_teton",2022,"nematoda",11,2,"snowmelt","NT","North Teton"
"376","paintbrush",2016,"lednia",2.5,3,"snowmelt","PB","Paintbrush"
"377","paintbrush",2016,"chironomidae",230,165,"snowmelt","PB","Paintbrush"
"378","paintbrush",2016,"clinocera",3.5,4,"snowmelt","PB","Paintbrush"
"379","paintbrush",2016,"collembola",57.5,22,"snowmelt","PB","Paintbrush"
"380","paintbrush",2016,"paradelphomyia",3.5,4,"snowmelt","PB","Paintbrush"
"381","paintbrush",2016,"prosimulium",125.5,98,"snowmelt","PB","Paintbrush"
"382","paintbrush",2016,"non-tanypodinae",3344,2601,"snowmelt","PB","Paintbrush"
"383","paintbrush",2016,"oligochaeta",294,209,"snowmelt","PB","Paintbrush"
"384","paintbrush",2016,"rhyacophila",4.5,5,"snowmelt","PB","Paintbrush"
"385","paintbrush",2017,"allomyia",11,1,"snowmelt","PB","Paintbrush"
"386","paintbrush",2017,"cinygmula",11,1,"snowmelt","PB","Paintbrush"
"387","paintbrush",2017,"clinocera",16.5,3,"snowmelt","PB","Paintbrush"
"388","paintbrush",2017,"dicranota",11,1,"snowmelt","PB","Paintbrush"
"389","paintbrush",2017,"helodon",32.5,6,"snowmelt","PB","Paintbrush"
"390","paintbrush",2017,"non-tanypodinae",32.5,18,"snowmelt","PB","Paintbrush"
"391","paintbrush",2017,"oligochaeta",608.166666666667,339,"snowmelt","PB","Paintbrush"
"392","paintbrush",2017,"rhyacophila",14.6666666666667,4,"snowmelt","PB","Paintbrush"
"393","paintbrush",2018,"chironomidae",11,2,"snowmelt","PB","Paintbrush"
"394","paintbrush",2018,"non-tanypodinae",5472,1525,"snowmelt","PB","Paintbrush"
"395","paintbrush",2018,"oligochaeta",298,83,"snowmelt","PB","Paintbrush"
"396","paintbrush",2018,"prosimulium",43,8,"snowmelt","PB","Paintbrush"
"397","paintbrush",2019,"helodon",54,10,"snowmelt","PB","Paintbrush"
"398","paintbrush",2019,"homophylax",27,5,"snowmelt","PB","Paintbrush"
"399","paintbrush",2019,"non-tanypodinae",543.666666666667,303,"snowmelt","PB","Paintbrush"
"400","paintbrush",2019,"oligochaeta",72,40,"snowmelt","PB","Paintbrush"
"401","paintbrush",2019,"prosimulium",80.75,30,"snowmelt","PB","Paintbrush"
"402","paintbrush",2019,"staphylinidae",11,1,"snowmelt","PB","Paintbrush"
"403","paintbrush",2020,"chironomidae",11,2,"snowmelt","PB","Paintbrush"
"404","paintbrush",2020,"helodon",11,1,"snowmelt","PB","Paintbrush"
"405","paintbrush",2020,"homophylax",22,2,"snowmelt","PB","Paintbrush"
"406","paintbrush",2020,"non-tanypodinae",2088.16666666667,1164,"snowmelt","PB","Paintbrush"
"407","paintbrush",2020,"oligochaeta",24.25,9,"snowmelt","PB","Paintbrush"
"408","paintbrush",2020,"prosimulium",48.5,9,"snowmelt","PB","Paintbrush"
"409","paintbrush",2022,"chironomidae",22,4,"snowmelt","PB","Paintbrush"
"410","paintbrush",2022,"clinocera",11,1,"snowmelt","PB","Paintbrush"
"411","paintbrush",2022,"muscidae",11,2,"snowmelt","PB","Paintbrush"
"412","paintbrush",2022,"non-tanypodinae",932.833333333333,520,"snowmelt","PB","Paintbrush"
"413","paintbrush",2022,"oligochaeta",43.2,20,"snowmelt","PB","Paintbrush"
"414","paintbrush",2022,"prosimulium",16.5,3,"snowmelt","PB","Paintbrush"
"415","paintbrush",2022,"simuliidae",32.5,6,"snowmelt","PB","Paintbrush"
"416","s_ak_basin",2016,"acari",14.5,2,"sub_ice","AK","S. AK Basin"
"417","s_ak_basin",2016,"allomyia",9,3,"sub_ice","AK","S. AK Basin"
"418","s_ak_basin",2016,"alloperla",18,6,"sub_ice","AK","S. AK Basin"
"419","s_ak_basin",2016,"baetis",28.5,11,"sub_ice","AK","S. AK Basin"
"420","s_ak_basin",2016,"chironomidae",9,3,"sub_ice","AK","S. AK Basin"
"421","s_ak_basin",2016,"cinygmula",43,27,"sub_ice","AK","S. AK Basin"
"422","s_ak_basin",2016,"dicranota",1,1,"sub_ice","AK","S. AK Basin"
"423","s_ak_basin",2016,"drunella",2,2,"sub_ice","AK","S. AK Basin"
"424","s_ak_basin",2016,"epeorus",5.5,6,"sub_ice","AK","S. AK Basin"
"425","s_ak_basin",2016,"macroveliidae",1,1,"sub_ice","AK","S. AK Basin"
"426","s_ak_basin",2016,"megarcys",54.25,51,"sub_ice","AK","S. AK Basin"
"427","s_ak_basin",2016,"non-tanypodinae",725.5,669,"sub_ice","AK","S. AK Basin"
"428","s_ak_basin",2016,"oligochaeta",99,40,"sub_ice","AK","S. AK Basin"
"429","s_ak_basin",2016,"oreogeton",18,13,"sub_ice","AK","S. AK Basin"
"430","s_ak_basin",2016,"ostracoda",14.5,2,"sub_ice","AK","S. AK Basin"
"431","s_ak_basin",2016,"probezzia",1,1,"sub_ice","AK","S. AK Basin"
"432","s_ak_basin",2016,"psychoglypha",1,1,"sub_ice","AK","S. AK Basin"
"433","s_ak_basin",2016,"rhithrogena",4.5,5,"sub_ice","AK","S. AK Basin"
"434","s_ak_basin",2016,"rhyacophila",2,2,"sub_ice","AK","S. AK Basin"
"435","s_ak_basin",2016,"trichoptera",1,1,"sub_ice","AK","S. AK Basin"
"436","s_ak_basin",2016,"turbellaria",34,10,"sub_ice","AK","S. AK Basin"
"437","s_ak_basin",2016,"zapada",104,39,"sub_ice","AK","S. AK Basin"
"438","s_ak_basin",2017,"acari",255.75,95,"sub_ice","AK","S. AK Basin"
"439","s_ak_basin",2017,"agathon",11,2,"sub_ice","AK","S. AK Basin"
"440","s_ak_basin",2017,"allomyia",137,51,"sub_ice","AK","S. AK Basin"
"441","s_ak_basin",2017,"baetis",37.8333333333333,21,"sub_ice","AK","S. AK Basin"
"442","s_ak_basin",2017,"chironomidae",54,15,"sub_ice","AK","S. AK Basin"
"443","s_ak_basin",2017,"cinygmula",89.8333333333333,50,"sub_ice","AK","S. AK Basin"
"444","s_ak_basin",2017,"clinocera",46.6666666666667,13,"sub_ice","AK","S. AK Basin"
"445","s_ak_basin",2017,"collembola",11,1,"sub_ice","AK","S. AK Basin"
"446","s_ak_basin",2017,"dicranota",11,1,"sub_ice","AK","S. AK Basin"
"447","s_ak_basin",2017,"drunella",70.25,26,"sub_ice","AK","S. AK Basin"
"448","s_ak_basin",2017,"epeorus",22,2,"sub_ice","AK","S. AK Basin"
"449","s_ak_basin",2017,"helodon",75,7,"sub_ice","AK","S. AK Basin"
"450","s_ak_basin",2017,"heterocloeon",36,20,"sub_ice","AK","S. AK Basin"
"451","s_ak_basin",2017,"lednia",11,1,"sub_ice","AK","S. AK Basin"
"452","s_ak_basin",2017,"megarcys",74.125,55,"sub_ice","AK","S. AK Basin"
"453","s_ak_basin",2017,"non-tanypodinae",2109.83333333333,1176,"sub_ice","AK","S. AK Basin"
"454","s_ak_basin",2017,"oligochaeta",68,19,"sub_ice","AK","S. AK Basin"
"455","s_ak_basin",2017,"rhyacophila",22,2,"sub_ice","AK","S. AK Basin"
"456","s_ak_basin",2017,"suwallia",11,1,"sub_ice","AK","S. AK Basin"
"457","s_ak_basin",2017,"sweltsa",43,12,"sub_ice","AK","S. AK Basin"
"458","s_ak_basin",2017,"tipula",11,1,"sub_ice","AK","S. AK Basin"
"459","s_ak_basin",2017,"turbellaria",39.6666666666667,11,"sub_ice","AK","S. AK Basin"
"460","s_ak_basin",2017,"twinnia",11,1,"sub_ice","AK","S. AK Basin"
"461","s_ak_basin",2017,"zapada",127.5,71,"sub_ice","AK","S. AK Basin"
"462","s_ak_basin",2018,"acari",67.25,25,"sub_ice","AK","S. AK Basin"
"463","s_ak_basin",2018,"allomyia",11,2,"sub_ice","AK","S. AK Basin"
"464","s_ak_basin",2018,"baetis",26,12,"sub_ice","AK","S. AK Basin"
"465","s_ak_basin",2018,"cinygmula",53.8,25,"sub_ice","AK","S. AK Basin"
"466","s_ak_basin",2018,"clinocera",11,1,"sub_ice","AK","S. AK Basin"
"467","s_ak_basin",2018,"heterocloeon",16.5,3,"sub_ice","AK","S. AK Basin"
"468","s_ak_basin",2018,"megarcys",23.8,11,"sub_ice","AK","S. AK Basin"
"469","s_ak_basin",2018,"non-tanypodinae",1698.6,789,"sub_ice","AK","S. AK Basin"
"470","s_ak_basin",2018,"oligochaeta",75.3333333333333,21,"sub_ice","AK","S. AK Basin"
"471","s_ak_basin",2018,"pomoleuctra",11,1,"sub_ice","AK","S. AK Basin"
"472","s_ak_basin",2018,"rhyacophila",11,1,"sub_ice","AK","S. AK Basin"
"473","s_ak_basin",2018,"sweltsa",11,2,"sub_ice","AK","S. AK Basin"
"474","s_ak_basin",2018,"turbellaria",36.4,17,"sub_ice","AK","S. AK Basin"
"475","s_ak_basin",2018,"zapada",49.6,23,"sub_ice","AK","S. AK Basin"
"476","s_ak_basin",2019,"acari",11,3,"sub_ice","AK","S. AK Basin"
"477","s_ak_basin",2019,"baetis",39.6666666666667,11,"sub_ice","AK","S. AK Basin"
"478","s_ak_basin",2019,"chironomidae",11,3,"sub_ice","AK","S. AK Basin"
"479","s_ak_basin",2019,"cinygmula",29,16,"sub_ice","AK","S. AK Basin"
"480","s_ak_basin",2019,"clinocera",11,2,"sub_ice","AK","S. AK Basin"
"481","s_ak_basin",2019,"drunella",32,3,"sub_ice","AK","S. AK Basin"
"482","s_ak_basin",2019,"epeorus",51.8,24,"sub_ice","AK","S. AK Basin"
"483","s_ak_basin",2019,"helodon",11,1,"sub_ice","AK","S. AK Basin"
"484","s_ak_basin",2019,"heterocloeon",16.5,3,"sub_ice","AK","S. AK Basin"
"485","s_ak_basin",2019,"lednia",11,1,"sub_ice","AK","S. AK Basin"
"486","s_ak_basin",2019,"megarcys",39.6666666666667,11,"sub_ice","AK","S. AK Basin"
"487","s_ak_basin",2019,"nematoda",43,4,"sub_ice","AK","S. AK Basin"
"488","s_ak_basin",2019,"non-tanypodinae",753.5,420,"sub_ice","AK","S. AK Basin"
"489","s_ak_basin",2019,"oligochaeta",116.4,54,"sub_ice","AK","S. AK Basin"
"490","s_ak_basin",2019,"ostracoda",27,5,"sub_ice","AK","S. AK Basin"
"491","s_ak_basin",2019,"rithrogena",16.5,3,"sub_ice","AK","S. AK Basin"
"492","s_ak_basin",2019,"suwallia",55.6666666666667,31,"sub_ice","AK","S. AK Basin"
"493","s_ak_basin",2019,"sweltsa",14.6666666666667,4,"sub_ice","AK","S. AK Basin"
"494","s_ak_basin",2019,"tipula",11,2,"sub_ice","AK","S. AK Basin"
"495","s_ak_basin",2019,"zapada",64.6,30,"sub_ice","AK","S. AK Basin"
"496","s_ak_basin",2020,"allomyia",22,2,"sub_ice","AK","S. AK Basin"
"497","s_ak_basin",2020,"baetis",39.3333333333333,11,"sub_ice","AK","S. AK Basin"
"498","s_ak_basin",2020,"chironomidae",22,2,"sub_ice","AK","S. AK Basin"
"499","s_ak_basin",2020,"cinygmula",24,11,"sub_ice","AK","S. AK Basin"
"500","s_ak_basin",2020,"clinocera",11,1,"sub_ice","AK","S. AK Basin"
"501","s_ak_basin",2020,"drunella",11,1,"sub_ice","AK","S. AK Basin"
"502","s_ak_basin",2020,"epeorus",11,1,"sub_ice","AK","S. AK Basin"
"503","s_ak_basin",2020,"megarcys",29.75,11,"sub_ice","AK","S. AK Basin"
"504","s_ak_basin",2020,"non-tanypodinae",997.5,556,"sub_ice","AK","S. AK Basin"
"505","s_ak_basin",2020,"oligochaeta",27.25,10,"sub_ice","AK","S. AK Basin"
"506","s_ak_basin",2020,"sweltsa",11,3,"sub_ice","AK","S. AK Basin"
"507","s_ak_basin",2020,"tipula",11,1,"sub_ice","AK","S. AK Basin"
"508","s_ak_basin",2020,"zapada",43.4,20,"sub_ice","AK","S. AK Basin"
"509","s_ak_basin",2021,"acari",28.7047003933333,8,"sub_ice","AK","S. AK Basin"
"510","s_ak_basin",2021,"allomyia",21.5285252966667,6,"sub_ice","AK","S. AK Basin"
"511","s_ak_basin",2021,"baetis",197.344815233333,55,"sub_ice","AK","S. AK Basin"
"512","s_ak_basin",2021,"baetis 2",10.76426265,4,"sub_ice","AK","S. AK Basin"
"513","s_ak_basin",2021,"chironomidae",10.76426265,2,"sub_ice","AK","S. AK Basin"
"514","s_ak_basin",2021,"cinygmula",37.6749192683333,21,"sub_ice","AK","S. AK Basin"
"515","s_ak_basin",2021,"clinocera",25.1166128466667,7,"sub_ice","AK","S. AK Basin"
"516","s_ak_basin",2021,"diptera",10.76426265,1,"sub_ice","AK","S. AK Basin"
"517","s_ak_basin",2021,"epeorus",28.7047003933333,8,"sub_ice","AK","S. AK Basin"
"518","s_ak_basin",2021,"hemiptera",10.76426265,1,"sub_ice","AK","S. AK Basin"
"519","s_ak_basin",2021,"megarcys",44.8510943683333,25,"sub_ice","AK","S. AK Basin"
"520","s_ak_basin",2021,"non-tanypodinae",2783.33077047857,1810,"sub_ice","AK","S. AK Basin"
"521","s_ak_basin",2021,"oligochaeta",75.3498385466667,21,"sub_ice","AK","S. AK Basin"
"522","s_ak_basin",2021,"probezzia",10.76426265,1,"sub_ice","AK","S. AK Basin"
"523","s_ak_basin",2021,"rhyacophila vobara subgroup",10.76426265,1,"sub_ice","AK","S. AK Basin"
"524","s_ak_basin",2021,"rithrogena",10.76426265,1,"sub_ice","AK","S. AK Basin"
"525","s_ak_basin",2021,"sweltsa",17.94043775,5,"sub_ice","AK","S. AK Basin"
"526","s_ak_basin",2021,"zapada",30.4987441716667,17,"sub_ice","AK","S. AK Basin"
"527","s_ak_basin",2022,"acari",72,20,"sub_ice","AK","S. AK Basin"
"528","s_ak_basin",2022,"allomyia",32.3333333333333,9,"sub_ice","AK","S. AK Basin"
"529","s_ak_basin",2022,"baetis",127,59,"sub_ice","AK","S. AK Basin"
"530","s_ak_basin",2022,"baetis 2",21.5,4,"sub_ice","AK","S. AK Basin"
"531","s_ak_basin",2022,"cinygmula",77.6,36,"sub_ice","AK","S. AK Basin"
"532","s_ak_basin",2022,"clinocera",29.75,11,"sub_ice","AK","S. AK Basin"
"533","s_ak_basin",2022,"drunella",11,2,"sub_ice","AK","S. AK Basin"
"534","s_ak_basin",2022,"epeorus",27,10,"sub_ice","AK","S. AK Basin"
"535","s_ak_basin",2022,"megarcys",45,25,"sub_ice","AK","S. AK Basin"
"536","s_ak_basin",2022,"nematoda",11,1,"sub_ice","AK","S. AK Basin"
"537","s_ak_basin",2022,"non-tanypodinae",2938.66666666667,1638,"sub_ice","AK","S. AK Basin"
"538","s_ak_basin",2022,"oligochaeta",77.8,36,"sub_ice","AK","S. AK Basin"
"539","s_ak_basin",2022,"ostracoda",65,6,"sub_ice","AK","S. AK Basin"
"540","s_ak_basin",2022,"probezzia",11,1,"sub_ice","AK","S. AK Basin"
"541","s_ak_basin",2022,"rhyacophila alberta",11,1,"sub_ice","AK","S. AK Basin"
"542","s_ak_basin",2022,"sweltsa",35,13,"sub_ice","AK","S. AK Basin"
"543","s_ak_basin",2022,"tipula",11,1,"sub_ice","AK","S. AK Basin"
"544","s_ak_basin",2022,"zapada",41.2,19,"sub_ice","AK","S. AK Basin"
"545","s_cascade",2015,"acari",7.25,1,"sub_ice","SC","South Cascade"
"546","s_cascade",2015,"allomyia",4.5,10,"sub_ice","SC","South Cascade"
"547","s_cascade",2015,"baetidae",14.5,5,"sub_ice","SC","South Cascade"
"548","s_cascade",2015,"chironomidae",41.75,12,"sub_ice","SC","South Cascade"
"549","s_cascade",2015,"clinocera",6.5,4,"sub_ice","SC","South Cascade"
"550","s_cascade",2015,"collembola",8.75,3,"sub_ice","SC","South Cascade"
"551","s_cascade",2015,"empididae",14.25,2,"sub_ice","SC","South Cascade"
"552","s_cascade",2015,"epeorus",50.25,28,"sub_ice","SC","South Cascade"
"553","s_cascade",2015,"helodon",3.25,6,"sub_ice","SC","South Cascade"
"554","s_cascade",2015,"nematoda",380.25,53,"sub_ice","SC","South Cascade"
"555","s_cascade",2015,"non-tanypodinae",2601.75,1330,"sub_ice","SC","South Cascade"
"556","s_cascade",2015,"oligochaeta",5.5,8,"sub_ice","SC","South Cascade"
"557","s_cascade",2015,"perlodidae",10.75,3,"sub_ice","SC","South Cascade"
"558","s_cascade",2015,"prosimulium",16.25,9,"sub_ice","SC","South Cascade"
"559","s_cascade",2015,"rhyacophila",0.5,1,"sub_ice","SC","South Cascade"
"560","s_cascade",2015,"simuliidae",3.5,2,"sub_ice","SC","South Cascade"
"561","s_cascade",2015,"tipula",0.5,1,"sub_ice","SC","South Cascade"
"562","s_cascade",2015,"trichoptera",1,2,"sub_ice","SC","South Cascade"
"563","s_cascade",2015,"zapada",14.75,26,"sub_ice","SC","South Cascade"
"564","s_cascade",2016,"acari",16.25,9,"sub_ice","SC","South Cascade"
"565","s_cascade",2016,"allomyia",47.75,79,"sub_ice","SC","South Cascade"
"566","s_cascade",2016,"baetis",0.5,1,"sub_ice","SC","South Cascade"
"567","s_cascade",2016,"chironomidae",1.75,1,"sub_ice","SC","South Cascade"
"568","s_cascade",2016,"collembola",14.25,8,"sub_ice","SC","South Cascade"
"569","s_cascade",2016,"drunella",1,2,"sub_ice","SC","South Cascade"
"570","s_cascade",2016,"epeorus",5.5,12,"sub_ice","SC","South Cascade"
"571","s_cascade",2016,"lednia",3,4,"sub_ice","SC","South Cascade"
"572","s_cascade",2016,"megarcys",15.5,45,"sub_ice","SC","South Cascade"
"573","s_cascade",2016,"non-tanypodinae",369.5,311,"sub_ice","SC","South Cascade"
"574","s_cascade",2016,"oligochaeta",1,2,"sub_ice","SC","South Cascade"
"575","s_cascade",2016,"ostracoda",88,49,"sub_ice","SC","South Cascade"
"576","s_cascade",2016,"rhyacophila",0.5,1,"sub_ice","SC","South Cascade"
"577","s_cascade",2016,"tipula",0.5,1,"sub_ice","SC","South Cascade"
"578","s_cascade",2016,"turbellaria",90.75,106,"sub_ice","SC","South Cascade"
"579","s_cascade",2016,"zapada",9.25,12,"sub_ice","SC","South Cascade"
"580","s_cascade",2018,"chironomidae",5.5,3,"sub_ice","SC","South Cascade"
"581","s_cascade",2018,"non-tanypodinae",502.5,280,"sub_ice","SC","South Cascade"
"582","s_cascade",2019,"molophilus",11,1,"sub_ice","SC","South Cascade"
"583","s_cascade",2019,"non-tanypodinae",202.833333333333,113,"sub_ice","SC","South Cascade"
"584","s_cascade",2020,"lednia",11,1,"sub_ice","SC","South Cascade"
"585","s_cascade",2020,"non-tanypodinae",136.5,76,"sub_ice","SC","South Cascade"
"586","s_cascade",2021,"chironomidae",10.76426265,2,"sub_ice","SC","South Cascade"
"587","s_cascade",2021,"hydrophilidae",10.76426265,1,"sub_ice","SC","South Cascade"
"588","s_cascade",2021,"non-tanypodinae",491.567994333333,274,"sub_ice","SC","South Cascade"
"589","s_cascade",2021,"oligochaeta",21.5285253,2,"sub_ice","SC","South Cascade"
"590","s_cascade",2022,"acari",11,1,"sub_ice","SC","South Cascade"
"591","s_cascade",2022,"chironomidae",21.6666666666667,6,"sub_ice","SC","South Cascade"
"592","s_cascade",2022,"collembola",82.6666666666667,23,"sub_ice","SC","South Cascade"
"593","s_cascade",2022,"non-tanypodinae",861.333333333333,480,"sub_ice","SC","South Cascade"
"594","s_teton",2015,"acari",14,24,"snowmelt","ST","South Teton"
"595","s_teton",2015,"allomyia",6,11,"snowmelt","ST","South Teton"
"596","s_teton",2015,"alloperla",6.75,8,"snowmelt","ST","South Teton"
"597","s_teton",2015,"baetidae",29.5,39,"snowmelt","ST","South Teton"
"598","s_teton",2015,"chironomidae",21,29,"snowmelt","ST","South Teton"
"599","s_teton",2015,"clinocera",1,1,"snowmelt","ST","South Teton"
"600","s_teton",2015,"collembola",4.5,6,"snowmelt","ST","South Teton"
"601","s_teton",2015,"dicranota",3.75,6,"snowmelt","ST","South Teton"
"602","s_teton",2015,"drunella",23.75,44,"snowmelt","ST","South Teton"
"603","s_teton",2015,"empididae",1,2,"snowmelt","ST","South Teton"
"604","s_teton",2015,"epeorus",295.5,249,"snowmelt","ST","South Teton"
"605","s_teton",2015,"helodon",7.75,7,"snowmelt","ST","South Teton"
"606","s_teton",2015,"hemiptera",1,1,"snowmelt","ST","South Teton"
"607","s_teton",2015,"lipogomphus",1,1,"snowmelt","ST","South Teton"
"608","s_teton",2015,"megarcys",21.5,30,"snowmelt","ST","South Teton"
"609","s_teton",2015,"nematoda",1.5,2,"snowmelt","ST","South Teton"
"610","s_teton",2015,"non-tanypodinae",829,975,"snowmelt","ST","South Teton"
"611","s_teton",2015,"oligochaeta",1.5,3,"snowmelt","ST","South Teton"
"612","s_teton",2015,"parapsyche",1,2,"snowmelt","ST","South Teton"
"613","s_teton",2015,"perlodidae",43,80,"snowmelt","ST","South Teton"
"614","s_teton",2015,"probezzia",7,10,"snowmelt","ST","South Teton"
"615","s_teton",2015,"prosimulium",1,1,"snowmelt","ST","South Teton"
"616","s_teton",2015,"rhithrogena",54.5,66,"snowmelt","ST","South Teton"
"617","s_teton",2015,"rhyacophila",50.5,111,"snowmelt","ST","South Teton"
"618","s_teton",2015,"sphaeriidae",0.5,1,"snowmelt","ST","South Teton"
"619","s_teton",2015,"tipula",7.75,5,"snowmelt","ST","South Teton"
"620","s_teton",2015,"trichoptera",27.5,16,"snowmelt","ST","South Teton"
"621","s_teton",2015,"turbellaria",10.75,6,"snowmelt","ST","South Teton"
"622","s_teton",2015,"zapada",78,138,"snowmelt","ST","South Teton"
"623","s_teton",2016,"acari",7,1,"snowmelt","ST","South Teton"
"624","s_teton",2016,"allomyia",9,3,"snowmelt","ST","South Teton"
"625","s_teton",2016,"baetis",22.5,11,"snowmelt","ST","South Teton"
"626","s_teton",2016,"chironomidae",9,3,"snowmelt","ST","South Teton"
"627","s_teton",2016,"cinygmula",169,97,"snowmelt","ST","South Teton"
"628","s_teton",2016,"epeorus",54,60,"snowmelt","ST","South Teton"
"629","s_teton",2016,"helodon",5.5,6,"snowmelt","ST","South Teton"
"630","s_teton",2016,"megarcys",15.25,20,"snowmelt","ST","South Teton"
"631","s_teton",2016,"non-tanypodinae",207.5,77,"snowmelt","ST","South Teton"
"632","s_teton",2016,"oligochaeta",7,1,"snowmelt","ST","South Teton"
"633","s_teton",2016,"probezzia",15,17,"snowmelt","ST","South Teton"
"634","s_teton",2016,"psychoglypha",1,1,"snowmelt","ST","South Teton"
"635","s_teton",2016,"rhithrogena",2.5,3,"snowmelt","ST","South Teton"
"636","s_teton",2016,"rhyacophila",11,12,"snowmelt","ST","South Teton"
"637","s_teton",2016,"simuliidae",1,1,"snowmelt","ST","South Teton"
"638","s_teton",2016,"staphylinidae",1,1,"snowmelt","ST","South Teton"
"639","s_teton",2016,"suwallia",2,2,"snowmelt","ST","South Teton"
"640","s_teton",2016,"sweltsa",78,24,"snowmelt","ST","South Teton"
"641","s_teton",2016,"tipula",18,20,"snowmelt","ST","South Teton"
"642","s_teton",2016,"turbellaria",136,68,"snowmelt","ST","South Teton"
"643","s_teton",2016,"zapada",82.5,15,"snowmelt","ST","South Teton"
"644","s_teton",2017,"acari",18.3333333333333,5,"snowmelt","ST","South Teton"
"645","s_teton",2017,"allomyia",29,8,"snowmelt","ST","South Teton"
"646","s_teton",2017,"baetis",22,2,"snowmelt","ST","South Teton"
"647","s_teton",2017,"chironomidae",11,3,"snowmelt","ST","South Teton"
"648","s_teton",2017,"cinygmula",107.5,60,"snowmelt","ST","South Teton"
"649","s_teton",2017,"epeorus",35,13,"snowmelt","ST","South Teton"
"650","s_teton",2017,"helodon",27,10,"snowmelt","ST","South Teton"
"651","s_teton",2017,"heterocloeon",16.5,6,"snowmelt","ST","South Teton"
"652","s_teton",2017,"megarcys",47.4,22,"snowmelt","ST","South Teton"
"653","s_teton",2017,"non-tanypodinae",49.8,23,"snowmelt","ST","South Teton"
"654","s_teton",2017,"probezzia",11,2,"snowmelt","ST","South Teton"
"655","s_teton",2017,"rhyacophila",35.25,13,"snowmelt","ST","South Teton"
"656","s_teton",2017,"rithrogena",11,1,"snowmelt","ST","South Teton"
"657","s_teton",2017,"skwala",32.5,6,"snowmelt","ST","South Teton"
"658","s_teton",2017,"sweltsa",54,20,"snowmelt","ST","South Teton"
"659","s_teton",2017,"tipula",75.3333333333333,21,"snowmelt","ST","South Teton"
"660","s_teton",2017,"turbellaria",21.8333333333333,12,"snowmelt","ST","South Teton"
"661","s_teton",2017,"zapada",54,30,"snowmelt","ST","South Teton"
"662","s_teton",2018,"acari",11,1,"snowmelt","ST","South Teton"
"663","s_teton",2018,"allomyia",24.25,9,"snowmelt","ST","South Teton"
"664","s_teton",2018,"baetis",11,4,"snowmelt","ST","South Teton"
"665","s_teton",2018,"chironomidae",21.6666666666667,6,"snowmelt","ST","South Teton"
"666","s_teton",2018,"cinygmula",79.8,37,"snowmelt","ST","South Teton"
"667","s_teton",2018,"collembola",11,1,"snowmelt","ST","South Teton"
"668","s_teton",2018,"epeorus",115.75,43,"snowmelt","ST","South Teton"
"669","s_teton",2018,"heterocloeon",11,1,"snowmelt","ST","South Teton"
"670","s_teton",2018,"megarcys",61.7142857142857,40,"snowmelt","ST","South Teton"
"671","s_teton",2018,"non-tanypodinae",393.8,183,"snowmelt","ST","South Teton"
"672","s_teton",2018,"oligochaeta",32,3,"snowmelt","ST","South Teton"
"673","s_teton",2018,"ostracoda",11,1,"snowmelt","ST","South Teton"
"674","s_teton",2018,"probezzia",21.5,4,"snowmelt","ST","South Teton"
"675","s_teton",2018,"prosimulium",81.8,38,"snowmelt","ST","South Teton"
"676","s_teton",2018,"rhyacophila",29.75,11,"snowmelt","ST","South Teton"
"677","s_teton",2018,"rithrogena",18.3333333333333,5,"snowmelt","ST","South Teton"
"678","s_teton",2018,"simuliidae",11,1,"snowmelt","ST","South Teton"
"679","s_teton",2018,"suwallia",38,7,"snowmelt","ST","South Teton"
"680","s_teton",2018,"sweltsa",84,39,"snowmelt","ST","South Teton"
"681","s_teton",2018,"tipula",97,27,"snowmelt","ST","South Teton"
"682","s_teton",2018,"turbellaria",75.25,28,"snowmelt","ST","South Teton"
"683","s_teton",2018,"zapada",38,14,"snowmelt","ST","South Teton"
"684","s_teton",2019,"allomyia",11,4,"snowmelt","ST","South Teton"
"685","s_teton",2019,"baetis",25.3333333333333,7,"snowmelt","ST","South Teton"
"686","s_teton",2019,"chironomidae",56,26,"snowmelt","ST","South Teton"
"687","s_teton",2019,"cinygmula",91.5,34,"snowmelt","ST","South Teton"
"688","s_teton",2019,"culicoides",11,1,"snowmelt","ST","South Teton"
"689","s_teton",2019,"dicranota",25.3333333333333,7,"snowmelt","ST","South Teton"
"690","s_teton",2019,"epeorus",80.75,30,"snowmelt","ST","South Teton"
"691","s_teton",2019,"helodon",48.5,9,"snowmelt","ST","South Teton"
"692","s_teton",2019,"heterocloeon",24.5,9,"snowmelt","ST","South Teton"
"693","s_teton",2019,"homophylax",22,2,"snowmelt","ST","South Teton"
"694","s_teton",2019,"megarcys",32.6666666666667,9,"snowmelt","ST","South Teton"
"695","s_teton",2019,"molophilus",11,1,"snowmelt","ST","South Teton"
"696","s_teton",2019,"molophilus did not fit well with key",11,1,"snowmelt","ST","South Teton"
"697","s_teton",2019,"non-tanypodinae",278,155,"snowmelt","ST","South Teton"
"698","s_teton",2019,"oligochaeta",22,2,"snowmelt","ST","South Teton"
"699","s_teton",2019,"probezzia",86,8,"snowmelt","ST","South Teton"
"700","s_teton",2019,"prosimulium",15.2,7,"snowmelt","ST","South Teton"
"701","s_teton",2019,"rhyacophila verrula",11,2,"snowmelt","ST","South Teton"
"702","s_teton",2019,"rhyacophila vofixa subgroup vobara subgroup",16.5,3,"snowmelt","ST","South Teton"
"703","s_teton",2019,"rithrogena",27,5,"snowmelt","ST","South Teton"
"704","s_teton",2019,"suwallia",29.75,11,"snowmelt","ST","South Teton"
"705","s_teton",2019,"sweltsa",73.5,41,"snowmelt","ST","South Teton"
"706","s_teton",2019,"tipula",18,5,"snowmelt","ST","South Teton"
"707","s_teton",2019,"zapada",88.75,33,"snowmelt","ST","South Teton"
"708","s_teton",2020,"allomyia",11,1,"snowmelt","ST","South Teton"
"709","s_teton",2020,"chironomidae",22,2,"snowmelt","ST","South Teton"
"710","s_teton",2020,"cinygmula",82.6666666666667,46,"snowmelt","ST","South Teton"
"711","s_teton",2020,"epeorus",57.5,32,"snowmelt","ST","South Teton"
"712","s_teton",2020,"heterocloeon",11,1,"snowmelt","ST","South Teton"
"713","s_teton",2020,"non-tanypodinae",489.833333333333,273,"snowmelt","ST","South Teton"
"714","s_teton",2020,"prosimulium",16.5,3,"snowmelt","ST","South Teton"
"715","s_teton",2020,"rhyacophila blarina",11,5,"snowmelt","ST","South Teton"
"716","s_teton",2020,"rhyacophila coloradensis",11,2,"snowmelt","ST","South Teton"
"717","s_teton",2020,"simuliidae",11,1,"snowmelt","ST","South Teton"
"718","s_teton",2020,"sweltsa",66.5,37,"snowmelt","ST","South Teton"
"719","s_teton",2020,"tipula (arctotipula)",111.333333333333,31,"snowmelt","ST","South Teton"
"720","s_teton",2020,"zapada",36.8,17,"snowmelt","ST","South Teton"
"721","s_teton",2021,"allomyia",10.76426265,1,"snowmelt","ST","South Teton"
"722","s_teton",2021,"baetis",202.726946523333,113,"snowmelt","ST","South Teton"
"723","s_teton",2021,"baetis 2",24.21959096,9,"snowmelt","ST","South Teton"
"724","s_teton",2021,"cinygmula",231.431646916667,129,"snowmelt","ST","South Teton"
"725","s_teton",2021,"epeorus",147.111589546667,41,"snowmelt","ST","South Teton"
"726","s_teton",2021,"homophylax",10.76426265,1,"snowmelt","ST","South Teton"
"727","s_teton",2021,"megarcys",10.76426265,2,"snowmelt","ST","South Teton"
"728","s_teton",2021,"non-tanypodinae",224.255471838333,125,"snowmelt","ST","South Teton"
"729","s_teton",2021,"ostracoda",10.76426265,1,"snowmelt","ST","South Teton"
"730","s_teton",2021,"probezzia",32.292787945,12,"snowmelt","ST","South Teton"
"731","s_teton",2021,"prosimulium",10.76426265,1,"snowmelt","ST","South Teton"
"732","s_teton",2021,"psychoglypha",10.76426265,2,"snowmelt","ST","South Teton"
"733","s_teton",2021,"rhyacophila",10.76426265,1,"snowmelt","ST","South Teton"
"734","s_teton",2021,"rhyacophila arnaudi",21.528525295,4,"snowmelt","ST","South Teton"
"735","s_teton",2021,"rhyacophila vobara subgroup",28.7047003933333,8,"snowmelt","ST","South Teton"
"736","s_teton",2021,"rithrogena",21.5285253,2,"snowmelt","ST","South Teton"
"737","s_teton",2021,"sweltsa",121.994976675,68,"snowmelt","ST","South Teton"
"738","s_teton",2021,"tipula",53.8213132466667,15,"snowmelt","ST","South Teton"
"739","s_teton",2021,"zapada",21.528525295,4,"snowmelt","ST","South Teton"
"740","s_teton",2022,"acari",32.5,6,"snowmelt","ST","South Teton"
"741","s_teton",2022,"baetis",50.3333333333333,28,"snowmelt","ST","South Teton"
"742","s_teton",2022,"chironomidae",46.6666666666667,13,"snowmelt","ST","South Teton"
"743","s_teton",2022,"cinygmula",247.666666666667,138,"snowmelt","ST","South Teton"
"744","s_teton",2022,"collembola",16.5,3,"snowmelt","ST","South Teton"
"745","s_teton",2022,"epeorus",158.75,59,"snowmelt","ST","South Teton"
"746","s_teton",2022,"megarcys",11,1,"snowmelt","ST","South Teton"
"747","s_teton",2022,"non-tanypodinae",303.166666666667,169,"snowmelt","ST","South Teton"
"748","s_teton",2022,"oligochaeta",11,1,"snowmelt","ST","South Teton"
"749","s_teton",2022,"probezzia",19.6,9,"snowmelt","ST","South Teton"
"750","s_teton",2022,"prosimulium",32.5,6,"snowmelt","ST","South Teton"
"751","s_teton",2022,"rhyacophila betteni",11,1,"snowmelt","ST","South Teton"
"752","s_teton",2022,"rhyacophila blarina",37.5,7,"snowmelt","ST","South Teton"
"753","s_teton",2022,"rhyacophila coloradensis",19,7,"snowmelt","ST","South Teton"
"754","s_teton",2022,"rhyacophila rotunda",11,1,"snowmelt","ST","South Teton"
"755","s_teton",2022,"rhyacophila sibirica",11,1,"snowmelt","ST","South Teton"
"756","s_teton",2022,"simuliidae",16.5,3,"snowmelt","ST","South Teton"
"757","s_teton",2022,"suwallia",11,1,"snowmelt","ST","South Teton"
"758","s_teton",2022,"sweltsa",75.3333333333333,42,"snowmelt","ST","South Teton"
"759","s_teton",2022,"tanypodinae",22,2,"snowmelt","ST","South Teton"
"760","s_teton",2022,"tipula",64.6,30,"snowmelt","ST","South Teton"
"761","s_teton",2022,"trichoptera",11,1,"snowmelt","ST","South Teton"
"762","s_teton",2022,"zapada",93.3333333333333,26,"snowmelt","ST","South Teton"
"763","silver_run",2017,"acari",256.5,143,"snowmelt","SR","Silver Run"
"764","silver_run",2017,"allomyia",5.5,3,"snowmelt","SR","Silver Run"
"765","silver_run",2017,"chironomidae",11,6,"snowmelt","SR","Silver Run"
"766","silver_run",2017,"cinygmula",9,5,"snowmelt","SR","Silver Run"
"767","silver_run",2017,"clinocera",9,5,"snowmelt","SR","Silver Run"
"768","silver_run",2017,"drunella",5.5,3,"snowmelt","SR","Silver Run"
"769","silver_run",2017,"gonomyodes",4,1,"snowmelt","SR","Silver Run"
"770","silver_run",2017,"helodon",4,1,"snowmelt","SR","Silver Run"
"771","silver_run",2017,"homophylax",7,2,"snowmelt","SR","Silver Run"
"772","silver_run",2017,"megarcys",11,9,"snowmelt","SR","Silver Run"
"773","silver_run",2017,"non-tanypodinae",845,471,"snowmelt","SR","Silver Run"
"774","silver_run",2017,"oligochaeta",7,2,"snowmelt","SR","Silver Run"
"775","silver_run",2017,"ostracoda",4,1,"snowmelt","SR","Silver Run"
"776","silver_run",2017,"probezzia",11,3,"snowmelt","SR","Silver Run"
"777","silver_run",2017,"rhyacophila",54,15,"snowmelt","SR","Silver Run"
"778","silver_run",2017,"sweltsa",163.5,91,"snowmelt","SR","Silver Run"
"779","silver_run",2017,"zapada",93,52,"snowmelt","SR","Silver Run"
"780","silver_run",2021,"acari",32.29278794,3,"snowmelt","SR","Silver Run"
"781","silver_run",2021,"allomyia",10.76426265,1,"snowmelt","SR","Silver Run"
"782","silver_run",2021,"baetis",10.76426265,2,"snowmelt","SR","Silver Run"
"783","silver_run",2021,"baetis 2",1097.9547903,204,"snowmelt","SR","Silver Run"
"784","silver_run",2021,"chironomidae",53.82131324,10,"snowmelt","SR","Silver Run"
"785","silver_run",2021,"cinygmula",37.67491927,7,"snowmelt","SR","Silver Run"
"786","silver_run",2021,"clinocera",32.292787945,6,"snowmelt","SR","Silver Run"
"787","silver_run",2021,"drunella",16.146393975,3,"snowmelt","SR","Silver Run"
"788","silver_run",2021,"megarcys",43.05705059,8,"snowmelt","SR","Silver Run"
"789","silver_run",2021,"non-tanypodinae",2163.6167923,402,"snowmelt","SR","Silver Run"
"790","silver_run",2021,"ostracoda",43.05705059,4,"snowmelt","SR","Silver Run"
"791","silver_run",2021,"pentacora",10.76426265,1,"snowmelt","SR","Silver Run"
"792","silver_run",2021,"probezzia",21.528525295,4,"snowmelt","SR","Silver Run"
"793","silver_run",2021,"prosimulium",10.76426265,2,"snowmelt","SR","Silver Run"
"794","silver_run",2021,"rhyacophila",10.76426265,1,"snowmelt","SR","Silver Run"
"795","silver_run",2021,"rhyacophila alberta",43.05705059,4,"snowmelt","SR","Silver Run"
"796","silver_run",2021,"rhyacophila ventina complex",32.29278794,3,"snowmelt","SR","Silver Run"
"797","silver_run",2021,"rhyacophila verrula",43.05705059,4,"snowmelt","SR","Silver Run"
"798","silver_run",2021,"rhyacophila viquaea",10.76426265,1,"snowmelt","SR","Silver Run"
"799","silver_run",2021,"sweltsa",403.65984929,75,"snowmelt","SR","Silver Run"
"800","silver_run",2021,"zapada",522.06673865,97,"snowmelt","SR","Silver Run"
"801","skillet",2017,"acari",11,1,"glacier","SK","Skillet"
"802","skillet",2017,"agathon",123.833333333333,69,"glacier","SK","Skillet"
"803","skillet",2017,"allomyia",37.75,14,"glacier","SK","Skillet"
"804","skillet",2017,"chironomidae",32.5,6,"glacier","SK","Skillet"
"805","skillet",2017,"dicranota",11,2,"glacier","SK","Skillet"
"806","skillet",2017,"gonomyodes",64.75,24,"glacier","SK","Skillet"
"807","skillet",2017,"helodon",11,1,"glacier","SK","Skillet"
"808","skillet",2017,"heterocloeon",193.833333333333,108,"glacier","SK","Skillet"
"809","skillet",2017,"lednia",51.25,19,"glacier","SK","Skillet"
"810","skillet",2017,"limonia",11,1,"glacier","SK","Skillet"
"811","skillet",2017,"non-tanypodinae",398.5,222,"glacier","SK","Skillet"
"812","skillet",2017,"oligochaeta",16.5,3,"glacier","SK","Skillet"
"813","skillet",2017,"prosimulium",138.166666666667,77,"glacier","SK","Skillet"
"814","skillet",2017,"rhyacophila",26,12,"glacier","SK","Skillet"
"815","skillet",2017,"simuliidae",11,1,"glacier","SK","Skillet"
"816","skillet",2017,"turbellaria",11,1,"glacier","SK","Skillet"
"817","skillet",2017,"twinnia",22,2,"glacier","SK","Skillet"
"818","skillet",2018,"acari",4,2,"glacier","SK","Skillet"
"819","skillet",2018,"allomyia",7,2,"glacier","SK","Skillet"
"820","skillet",2018,"chironomidae",20.6666666666667,13,"glacier","SK","Skillet"
"821","skillet",2018,"gonomyodes",13,11,"glacier","SK","Skillet"
"822","skillet",2018,"lednia",18,5,"glacier","SK","Skillet"
"823","skillet",2018,"non-tanypodinae",1346.66666666667,1126,"glacier","SK","Skillet"
"824","skillet",2018,"oligochaeta",11,3,"glacier","SK","Skillet"
"825","skillet",2018,"prosimulium",34.6666666666667,29,"glacier","SK","Skillet"
"826","skillet",2018,"rhyacophila",9,3,"glacier","SK","Skillet"
"827","skillet",2018,"turbellaria",10.5,6,"glacier","SK","Skillet"
"828","skillet",2019,"allomyia",32.5,12,"glacier","SK","Skillet"
"829","skillet",2019,"chironomidae",22,2,"glacier","SK","Skillet"
"830","skillet",2019,"clinocera",11,2,"glacier","SK","Skillet"
"831","skillet",2019,"dicranota",11,3,"glacier","SK","Skillet"
"832","skillet",2019,"gonomyodes",21.6666666666667,6,"glacier","SK","Skillet"
"833","skillet",2019,"helodon",11,4,"glacier","SK","Skillet"
"834","skillet",2019,"lednia",11,2,"glacier","SK","Skillet"
"835","skillet",2019,"non-tanypodinae",453.833333333333,253,"glacier","SK","Skillet"
"836","skillet",2019,"prosimulium",22,4,"glacier","SK","Skillet"
"837","skillet",2019,"rhyacophila arnaudi",32,3,"glacier","SK","Skillet"
"838","skillet",2019,"rhyacophila blarina",11,1,"glacier","SK","Skillet"
"839","skillet",2019,"rhyacophila hyalinata",11,1,"glacier","SK","Skillet"
"840","skillet",2019,"rhyacophila vatina complex",11,1,"glacier","SK","Skillet"
"841","skillet",2019,"rhyacophila verrula",16.5,3,"glacier","SK","Skillet"
"842","skillet",2019,"rhyacophila vobara subgroup",11,1,"glacier","SK","Skillet"
"843","skillet",2019,"rhyacophila vofixa",11,1,"glacier","SK","Skillet"
"844","skillet",2019,"staphylinidae",11,1,"glacier","SK","Skillet"
"845","skillet",2019,"sweltsa",11,1,"glacier","SK","Skillet"
"846","skillet",2020,"agathon",11,1,"glacier","SK","Skillet"
"847","skillet",2020,"allomyia",11,1,"glacier","SK","Skillet"
"848","skillet",2020,"chironomidae",22,2,"glacier","SK","Skillet"
"849","skillet",2020,"lednia",11,4,"glacier","SK","Skillet"
"850","skillet",2020,"non-tanypodinae",455.5,254,"glacier","SK","Skillet"
"851","skillet",2020,"prosimulium",18,5,"glacier","SK","Skillet"
"852","skillet",2020,"rhyacophila blarina",11,1,"glacier","SK","Skillet"
"853","skillet",2020,"rhyacophila brunnea/vemna",11,1,"glacier","SK","Skillet"
"854","skillet",2020,"rhyacophila ecosa",11,1,"glacier","SK","Skillet"
"855","skillet",2020,"rhyacophila hyalinata banks",32,3,"glacier","SK","Skillet"
"856","skillet",2020,"rhyacophila verrula milne",32,3,"glacier","SK","Skillet"
"857","skillet",2020,"tanypodinae",22,2,"glacier","SK","Skillet"
"858","skillet",2021,"allomyia",21.528525295,4,"glacier","SK","Skillet"
"859","skillet",2021,"baetis 2",10.76426265,1,"glacier","SK","Skillet"
"860","skillet",2021,"chironomidae",48.4391819075,18,"glacier","SK","Skillet"
"861","skillet",2021,"clinocera",10.76426265,1,"glacier","SK","Skillet"
"862","skillet",2021,"dicranota",10.76426265,1,"glacier","SK","Skillet"
"863","skillet",2021,"gonomyodes",26.91065662,10,"glacier","SK","Skillet"
"864","skillet",2021,"hemiptera",21.528525295,4,"glacier","SK","Skillet"
"865","skillet",2021,"heteroceridae",21.5285253,2,"glacier","SK","Skillet"
"866","skillet",2021,"lednia",10.76426265,2,"glacier","SK","Skillet"
"867","skillet",2021,"non-tanypodinae",4115.53641911667,2294,"glacier","SK","Skillet"
"868","skillet",2021,"oligochaeta",17.9404377466667,5,"glacier","SK","Skillet"
"869","skillet",2021,"plecoptera",21.5285253,2,"glacier","SK","Skillet"
"870","skillet",2021,"prosimulium",30.139935418,14,"glacier","SK","Skillet"
"871","skillet",2021,"rhyacophila alberta",10.76426265,1,"glacier","SK","Skillet"
"872","skillet",2021,"rhyacophila arnaudi",16.146393975,6,"glacier","SK","Skillet"
"873","skillet",2021,"staphylinidae",21.5285253,2,"glacier","SK","Skillet"
"874","skillet",2022,"acari",11,1,"glacier","SK","Skillet"
"875","skillet",2022,"agathon",11,1,"glacier","SK","Skillet"
"876","skillet",2022,"baetis 2",11,2,"glacier","SK","Skillet"
"877","skillet",2022,"chironomidae",29,8,"glacier","SK","Skillet"
"878","skillet",2022,"chrysopidae",11,1,"glacier","SK","Skillet"
"879","skillet",2022,"clinocera",11,1,"glacier","SK","Skillet"
"880","skillet",2022,"collembola",11,1,"glacier","SK","Skillet"
"881","skillet",2022,"dicranota",11,1,"glacier","SK","Skillet"
"882","skillet",2022,"gonomyodes",16.5,3,"glacier","SK","Skillet"
"883","skillet",2022,"homophylax",11,1,"glacier","SK","Skillet"
"884","skillet",2022,"lednia",19,7,"glacier","SK","Skillet"
"885","skillet",2022,"non-tanypodinae",2604.83333333333,1452,"glacier","SK","Skillet"
"886","skillet",2022,"oligochaeta",75,7,"glacier","SK","Skillet"
"887","skillet",2022,"prosimulium",21.8,10,"glacier","SK","Skillet"
"888","skillet",2022,"rhyacophila alberta",11,1,"glacier","SK","Skillet"
"889","skillet",2022,"rhyacophila verrula",11,1,"glacier","SK","Skillet"
"890","skillet",2022,"sarcophagidae",11,1,"glacier","SK","Skillet"
"891","windcave",2015,"acari",6.33333333333333,3,"sub_ice","WC","Wind Cave"
"892","windcave",2015,"allomyia",4.33333333333333,3,"sub_ice","WC","Wind Cave"
"893","windcave",2015,"alloperla",5,2,"sub_ice","WC","Wind Cave"
"894","windcave",2015,"baetidae",16,6,"sub_ice","WC","Wind Cave"
"895","windcave",2015,"chironomidae",29,26,"sub_ice","WC","Wind Cave"
"896","windcave",2015,"clinocera",1,1,"sub_ice","WC","Wind Cave"
"897","windcave",2015,"megarcys",45.6666666666667,48,"sub_ice","WC","Wind Cave"
"898","windcave",2015,"neothremma",1,1,"sub_ice","WC","Wind Cave"
"899","windcave",2015,"non-tanypodinae",505.25,550,"sub_ice","WC","Wind Cave"
"900","windcave",2015,"prosimulium",11,4,"sub_ice","WC","Wind Cave"
"901","windcave",2015,"rhyacophila",1,2,"sub_ice","WC","Wind Cave"
"902","windcave",2015,"turbellaria",45,52,"sub_ice","WC","Wind Cave"
"903","windcave",2015,"zapada",80.25,118,"sub_ice","WC","Wind Cave"
"904","windcave",2016,"acari",3.5,1,"sub_ice","WC","Wind Cave"
"905","windcave",2016,"chironomidae",9.5,5,"sub_ice","WC","Wind Cave"
"906","windcave",2016,"dixella",7,2,"sub_ice","WC","Wind Cave"
"907","windcave",2016,"megarcys",50.75,77,"sub_ice","WC","Wind Cave"
"908","windcave",2016,"non-tanypodinae",859,424,"sub_ice","WC","Wind Cave"
"909","windcave",2016,"prosimulium",1,1,"sub_ice","WC","Wind Cave"
"910","windcave",2016,"rhyacophila",2,2,"sub_ice","WC","Wind Cave"
"911","windcave",2016,"turbellaria",6,4,"sub_ice","WC","Wind Cave"
"912","windcave",2016,"zapada",483,205,"sub_ice","WC","Wind Cave"
"913","windcave",2017,"acari",136.333333333333,38,"sub_ice","WC","Wind Cave"
"914","windcave",2017,"allomyia",22,2,"sub_ice","WC","Wind Cave"
"915","windcave",2017,"baetis",11,2,"sub_ice","WC","Wind Cave"
"916","windcave",2017,"chironomidae",17.4,8,"sub_ice","WC","Wind Cave"
"917","windcave",2017,"megarcys",122.166666666667,68,"sub_ice","WC","Wind Cave"
"918","windcave",2017,"non-tanypodinae",1354.33333333333,755,"sub_ice","WC","Wind Cave"
"919","windcave",2017,"prosimulium",11,1,"sub_ice","WC","Wind Cave"
"920","windcave",2017,"rhyacophila",105.6,49,"sub_ice","WC","Wind Cave"
"921","windcave",2017,"sweltsa",11,1,"sub_ice","WC","Wind Cave"
"922","windcave",2017,"turbellaria",32.3333333333333,9,"sub_ice","WC","Wind Cave"
"923","windcave",2017,"zapada",1266.33333333333,706,"sub_ice","WC","Wind Cave"
"924","windcave",2018,"acari",83.5,31,"sub_ice","WC","Wind Cave"
"925","windcave",2018,"chironomidae",32.5,12,"sub_ice","WC","Wind Cave"
"926","windcave",2018,"collembola",11,1,"sub_ice","WC","Wind Cave"
"927","windcave",2018,"megarcys",164.428571428571,107,"sub_ice","WC","Wind Cave"
"928","windcave",2018,"non-tanypodinae",396.2,184,"sub_ice","WC","Wind Cave"
"929","windcave",2018,"prosimulium",11,1,"sub_ice","WC","Wind Cave"
"930","windcave",2018,"rhyacophila",94.25,35,"sub_ice","WC","Wind Cave"
"931","windcave",2018,"staphylinidae",32,3,"sub_ice","WC","Wind Cave"
"932","windcave",2018,"turbellaria",220.5,41,"sub_ice","WC","Wind Cave"
"933","windcave",2018,"zapada",721.2,335,"sub_ice","WC","Wind Cave"
"934","windcave",2019,"chironomidae",32.5,6,"sub_ice","WC","Wind Cave"
"935","windcave",2019,"lednia",11,1,"sub_ice","WC","Wind Cave"
"936","windcave",2019,"non-tanypodinae",409.166666666667,228,"sub_ice","WC","Wind Cave"
"937","windcave",2019,"rhyacophila rotunda",22,2,"sub_ice","WC","Wind Cave"
"938","windcave",2019,"suwallia",23.8,11,"sub_ice","WC","Wind Cave"
"939","windcave",2019,"sweltsa",11,1,"sub_ice","WC","Wind Cave"
"940","windcave",2019,"zapada",36,10,"sub_ice","WC","Wind Cave"
"941","windcave",2020,"acari",11,1,"sub_ice","WC","Wind Cave"
"942","windcave",2020,"chironomidae",21.6666666666667,6,"sub_ice","WC","Wind Cave"
"943","windcave",2020,"megarcys",185.2,86,"sub_ice","WC","Wind Cave"
"944","windcave",2020,"non-tanypodinae",651.166666666667,363,"sub_ice","WC","Wind Cave"
"945","windcave",2020,"rhyacophila rotunda",14.6666666666667,4,"sub_ice","WC","Wind Cave"
"946","windcave",2020,"zapada",151,84,"sub_ice","WC","Wind Cave"
"947","windcave",2021,"acari",16.146393975,3,"sub_ice","WC","Wind Cave"
"948","windcave",2021,"chironomidae",32.2927879433333,9,"sub_ice","WC","Wind Cave"
"949","windcave",2021,"clinocera",10.76426265,1,"sub_ice","WC","Wind Cave"
"950","windcave",2021,"hydrophilidae",10.76426265,1,"sub_ice","WC","Wind Cave"
"951","windcave",2021,"megarcys",99.5694294925,37,"sub_ice","WC","Wind Cave"
"952","windcave",2021,"non-tanypodinae",3013.99354153167,1680,"sub_ice","WC","Wind Cave"
"953","windcave",2021,"prosimulium",25.1166128466667,7,"sub_ice","WC","Wind Cave"
"954","windcave",2021,"rhyacophila rotunda",51.668460706,24,"sub_ice","WC","Wind Cave"
"955","windcave",2021,"zapada",186.580552561667,104,"sub_ice","WC","Wind Cave"
"956","windcave",2022,"acari",18,5,"sub_ice","WC","Wind Cave"
"957","windcave",2022,"chironomidae",126.5,47,"sub_ice","WC","Wind Cave"
"958","windcave",2022,"collembola",43,4,"sub_ice","WC","Wind Cave"
"959","windcave",2022,"megarcys",200.4,93,"sub_ice","WC","Wind Cave"
"960","windcave",2022,"non-tanypodinae",1060.33333333333,591,"sub_ice","WC","Wind Cave"
"961","windcave",2022,"plecoptera",11,1,"sub_ice","WC","Wind Cave"
"962","windcave",2022,"rhyacophila rotunda",46,17,"sub_ice","WC","Wind Cave"
"963","windcave",2022,"rhyacophila verrula",11,1,"sub_ice","WC","Wind Cave"
"964","windcave",2022,"staphylinidae",11,1,"sub_ice","WC","Wind Cave"
"965","windcave",2022,"zapada",70.25,26,"sub_ice","WC","Wind Cave"
